model_id,fom,variables,aic,null_aic,delta_aic,null_deviance,residual_dev,dev_explained,MCFaddenPseudoR2,spatial_auc,training_auc,test_auc,toc_auc
1,0.488093226,"mat_lingue_87,cul_prad_lingue_87,dis_urbano_lingue,dis_caminos_lingue,pen_lingue15,predios_lingue1",1008.554234,1135.988787,-127.4345532,1122.878679,994.5542341,128.3244452,0.114281665,0.706314488,0.724834015,0.736787063,0.839341812
2,0.485694291,"mat_lingue_87,cul_prad_lingue_87,dis_comunidades_lingue,dis_urbano_lingue,dis_caminos_lingue,pen_lingue15,predios_lingue1",1009.934717,1135.988787,-126.0540701,1122.878679,993.9347173,128.943962,0.114833387,0.707139927,0.725748532,0.737603306,0.835203689
3,0.486446612,"mat_lingue_87,cul_prad_lingue_87,dis_urbano_lingue,dis_caminos_lingue,dis_hid_lingue,pen_lingue15,predios_lingue1",1010.205212,1135.988787,-125.7835759,1122.878679,994.2052115,128.6734678,0.114592494,0.705527508,0.723968272,0.737577798,0.83939014
4,0.48630259,"mat_lingue_87,cul_prad_lingue_87,dis_urbano_lingue,dis_caminos_lingue,pen_lingue15,dis_plant87_lingue,predios_lingue1",1010.358111,1135.988787,-125.6306762,1122.878679,994.3581112,128.5205682,0.114456326,0.704895247,0.724492595,0.73617488,0.845740165
5,0.48605178,"bn_lingue_87,mat_lingue_87,cul_prad_lingue_87,dis_urbano_lingue,dis_caminos_lingue,pen_lingue15,predios_lingue1",1010.495065,1135.988787,-125.4937225,1122.878679,994.4950649,128.3836144,0.114334359,0.705549693,0.724193853,0.73543516,0.825116776
6,0.490953213,"mat_lingue_87,cul_prad_lingue_87,dis_urbano_lingue,pen_lingue15,predios_lingue1",1010.56162,1135.988787,-125.4271678,1122.878679,998.5616196,124.3170597,0.110712815,0.704684513,0.722017303,0.737858382,0.831311633
7,0.489603498,"mat_lingue_87,cul_prad_lingue_87,dis_comunidades_lingue,dis_urbano_lingue,pen_lingue15,predios_lingue1",1011.154619,1135.988787,-124.8341689,1122.878679,997.1546185,125.7240608,0.111965846,0.706647687,0.723456143,0.740613203,0.825357524
8,0.487785954,"bn_lingue_87,dis_urbano_lingue,dis_caminos_lingue,pen_lingue15,predios_lingue1",1011.405777,1135.988787,-124.5830099,1122.878679,999.4057775,123.4729019,0.109961035,0.709246363,0.721035721,0.743444546,0.9366481
9,0.486553484,"mat_lingue_87,cul_prad_lingue_87,dis_comunidades_lingue,dis_urbano_lingue,dis_caminos_lingue,dis_hid_lingue,pen_lingue15,predios_lingue1",1011.513711,1135.988787,-124.4750759,1122.878679,993.5137115,129.3649679,0.115208321,0.70630495,0.725303467,0.739031731,0.835044577
10,0.489062432,"mat_lingue_87,cul_prad_lingue_87,dis_urbano_lingue,dis_hid_lingue,pen_lingue15,predios_lingue1",1011.622117,1135.988787,-124.3666707,1122.878679,997.6221167,125.2565626,0.111549507,0.703953474,0.720895495,0.738419549,0.832347694
11,0.484039084,"mat_lingue_87,cul_prad_lingue_87,dis_comunidades_lingue,dis_urbano_lingue,dis_caminos_lingue,pen_lingue15,dis_plant87_lingue,predios_lingue1",1011.657087,1135.988787,-124.3317008,1122.878679,993.6570866,129.2215927,0.115080636,0.705367255,0.72563879,0.736940108,0.842719782
12,0.485504009,"bn_lingue_87,mat_lingue_87,cul_prad_lingue_87,dis_comunidades_lingue,dis_urbano_lingue,dis_caminos_lingue,pen_lingue15,predios_lingue1",1011.925547,1135.988787,-124.0632408,1122.878679,993.9255466,128.9531327,0.114841554,0.70682386,0.725516855,0.737067646,0.82950147
13,0.485801055,"mat_lingue_87,cul_prad_lingue_87,dis_urbano_lingue,dis_caminos_lingue,dis_hid_lingue,pen_lingue15,dis_plant87_lingue,predios_lingue1",1011.998998,1135.988787,-123.9897894,1122.878679,993.998998,128.8796814,0.114776141,0.704125512,0.723882917,0.736327926,0.845915951
14,0.485081852,"bn_lingue_87,mat_lingue_87,cul_prad_lingue_87,dis_urbano_lingue,dis_caminos_lingue,dis_hid_lingue,pen_lingue15,predios_lingue1",1012.11762,1135.988787,-123.8711676,1122.878679,994.1176198,128.7610595,0.1146705,0.704569062,0.723407369,0.735664728,0.822216549
15,0.490443864,"mat_lingue_87,cul_prad_lingue_87,dis_comunidades_lingue,dis_urbano_lingue,dis_hid_lingue,pen_lingue15,predios_lingue1",1012.141566,1135.988787,-123.8472213,1122.878679,996.1415661,126.7371133,0.112868038,0.705837065,0.723620756,0.740205081,0.826504214
16,0.487865088,"mat_lingue_87,cul_prad_lingue_87,dis_urbano_lingue,pen_lingue15,dis_plant87_lingue,predios_lingue1",1012.158416,1135.988787,-123.8303714,1122.878679,998.158416,124.7202633,0.111071895,0.702533039,0.721944141,0.736021835,0.840644018
17,0.489701492,"bn_lingue_87,dis_comunidades_lingue,dis_urbano_lingue,dis_caminos_lingue,pen_lingue15,predios_lingue1",1012.284477,1135.988787,-123.7043101,1122.878679,998.2844773,124.594202,0.110959629,0.71055766,0.723925595,0.745485155,0.935703449
18,0.484474551,"bn_lingue_87,mat_lingue_87,cul_prad_lingue_87,dis_urbano_lingue,dis_caminos_lingue,pen_lingue15,dis_plant87_lingue,predios_lingue1",1012.306392,1135.988787,-123.6823958,1122.878679,994.3063916,128.5722877,0.114502386,0.704213555,0.724114595,0.734440363,0.832597442
19,0.487488114,"bn_lingue_87,mat_lingue_87,cul_prad_lingue_87,dis_urbano_lingue,pen_lingue15,predios_lingue1",1012.475519,1135.988787,-123.5132687,1122.878679,998.4755187,124.4031607,0.110789494,0.703825776,0.721779528,0.736506479,0.81562973
20,0.491986998,"bn_lingue_87,cul_prad_lingue_87,dis_urbano_lingue,dis_caminos_lingue,pen_lingue15,predios_lingue1",1012.495265,1135.988787,-123.4935223,1122.878679,998.4952651,124.3834142,0.110771908,0.710452298,0.722047787,0.745281094,0.924669482
21,0.482872921,"mat_lingue_87,cul_prad_lingue_87,dis_comunidades_lingue,dis_urbano_lingue,pen_lingue15,dis_plant87_lingue,predios_lingue1",1012.619472,1135.988787,-123.369315,1122.878679,996.6194724,126.259207,0.11244243,0.703895399,0.724023143,0.737934905,0.836187401
22,0.489328251,"bn_lingue_87,mat_lingue_87,cul_prad_lingue_87,dis_comunidades_lingue,dis_urbano_lingue,pen_lingue15,predios_lingue1",1013.149624,1135.988787,-122.8391633,1122.878679,997.1496241,125.7290553,0.111970293,0.706445445,0.72348053,0.740205081,0.821508494
23,0.485137507,"mat_lingue_87,cul_prad_lingue_87,dis_comunidades_lingue,dis_urbano_lingue,dis_caminos_lingue,dis_hid_lingue,pen_lingue15,dis_plant87_lingue,predios_lingue1",1013.216812,1135.988787,-122.7719756,1122.878679,993.2168118,129.6618675,0.115472731,0.704512306,0.724736467,0.737679829,0.842781289
24,0.484891727,"mat_lingue_87,cul_prad_lingue_87,dis_urbano_lingue,dis_hid_lingue,pen_lingue15,dis_plant87_lingue,predios_lingue1",1013.22048,1135.988787,-122.7683073,1122.878679,997.2204801,125.6581992,0.111907191,0.70182242,0.72149298,0.736429956,0.841487924
25,0.486999728,"bn_lingue_87,dis_urbano_lingue,dis_caminos_lingue,pen_lingue15,dis_plant87_lingue,predios_lingue1",1013.233153,1135.988787,-122.7556347,1122.878679,999.2331527,123.6455266,0.110114769,0.7078496,0.720828431,0.742806856,0.941440255
26,0.487692866,"bn_lingue_87,dis_urbano_lingue,dis_caminos_lingue,dis_hid_lingue,pen_lingue15,predios_lingue1",1013.245761,1135.988787,-122.7430262,1122.878679,999.2457612,123.6329181,0.11010354,0.708662814,0.720608946,0.743750638,0.93664121
27,0.491954232,"bn_lingue_87,dis_comunidades_lingue,dis_urbano_lingue,pen_lingue15,predios_lingue1",1013.247616,1135.988787,-122.7411709,1122.878679,1001.247616,121.6310629,0.108320752,0.710483048,0.721877077,0.747423732,0.925533946
28,0.487706828,"bn_lingue_87,mat_lingue_87,dis_urbano_lingue,dis_caminos_lingue,pen_lingue15,predios_lingue1",1013.260393,1135.988787,-122.7283942,1122.878679,999.2603932,123.6182861,0.11009051,0.708365124,0.721224721,0.741939598,0.932448618
29,0.488997157,"bn_lingue_87,dis_urbano_lingue,pen_lingue15,predios_lingue1",1013.339403,1135.988787,-122.6493841,1122.878679,1003.339403,119.539276,0.106457873,0.708021708,0.718615299,0.744005714,0.926453054
30,0.493130039,"bn_lingue_87,cul_prad_lingue_87,dis_comunidades_lingue,dis_urbano_lingue,dis_caminos_lingue,pen_lingue15,predios_lingue1",1013.396951,1135.988787,-122.5918359,1122.878679,997.3969515,125.4817279,0.111750032,0.711681228,0.724779144,0.747627793,0.923225186
31,0.486920686,"bn_lingue_87,mat_lingue_87,cul_prad_lingue_87,dis_urbano_lingue,dis_hid_lingue,pen_lingue15,predios_lingue1",1013.485135,1135.988787,-122.5036526,1122.878679,997.4851348,125.3935445,0.111671498,0.702866681,0.720334591,0.735996327,0.812475437
32,0.485429766,"bn_lingue_87,mat_lingue_87,cul_prad_lingue_87,dis_comunidades_lingue,dis_urbano_lingue,dis_caminos_lingue,dis_hid_lingue,pen_lingue15,predios_lingue1",1013.492491,1135.988787,-122.4962963,1122.878679,993.4924911,129.3861882,0.11522722,0.705803404,0.724827918,0.738496072,0.826492432
33,0.484766549,"mat_lingue_87,cul_prad_lingue_87,dis_comunidades_lingue,dis_urbano_lingue,dis_hid_lingue,pen_lingue15,dis_plant87_lingue,predios_lingue1",1013.603047,1135.988787,-122.3857403,1122.878679,995.6030471,127.2756323,0.113347626,0.702958831,0.723620756,0.738164473,0.837424213
34,0.483724224,"bn_lingue_87,mat_lingue_87,cul_prad_lingue_87,dis_comunidades_lingue,dis_urbano_lingue,dis_caminos_lingue,pen_lingue15,dis_plant87_lingue,predios_lingue1",1013.652744,1135.988787,-122.3360432,1122.878679,993.6527442,129.2259351,0.115084503,0.705163611,0.725443693,0.736378941,0.838909572
35,0.484799001,"bn_lingue_87,mat_lingue_87,cul_prad_lingue_87,dis_urbano_lingue,dis_caminos_lingue,dis_hid_lingue,pen_lingue15,dis_plant87_lingue,predios_lingue1",1013.92031,1135.988787,-122.0684775,1122.878679,993.9203099,128.9583695,0.114846218,0.703250701,0.723504917,0.734414856,0.829818561
36,0.488218965,"bn_lingue_87,dis_comunidades_lingue,dis_urbano_lingue,dis_caminos_lingue,pen_lingue15,dis_plant87_lingue,predios_lingue1",1013.992986,1135.988787,-121.995801,1122.878679,997.9929864,124.885693,0.111219222,0.708728191,0.723834143,0.744031221,0.942263152
37,0.487660288,"mat_lingue_87,cul_prad_lingue_87,dis_urbano_lingue,dis_caminos_lingue,pen_lingue15",1014.009064,1135.988787,-121.9797239,1133.988787,1002.009064,131.9797239,0.116385387,0.707988199,0.726902637,0.734175,0.838011504
38,0.489566171,"bn_lingue_87,dis_comunidades_lingue,dis_urbano_lingue,dis_caminos_lingue,dis_hid_lingue,pen_lingue15,predios_lingue1",1014.065895,1135.988787,-121.9228919,1122.878679,998.0658955,124.8127839,0.111154291,0.709838103,0.722815981,0.745995307,0.935603992
39,0.485545774,"bn_lingue_87,mat_lingue_87,cul_prad_lingue_87,dis_urbano_lingue,pen_lingue15,dis_plant87_lingue,predios_lingue1",1014.087079,1135.988787,-121.9017082,1122.878679,998.0870792,124.7916002,0.111135426,0.701777867,0.72171856,0.73479747,0.825688022
40,0.489491521,"bn_lingue_87,mat_lingue_87,cul_prad_lingue_87,dis_comunidades_lingue,dis_urbano_lingue,dis_hid_lingue,pen_lingue15,predios_lingue1",1014.120084,1135.988787,-121.8687032,1122.878679,996.1200842,126.7585951,0.112887169,0.705349672,0.72330982,0.739312315,0.818447229
41,0.48866621,"bn_lingue_87,mat_lingue_87,dis_comunidades_lingue,dis_urbano_lingue,dis_caminos_lingue,pen_lingue15,predios_lingue1",1014.192077,1135.988787,-121.7967104,1122.878679,998.192077,124.6866023,0.111041918,0.709857195,0.723846337,0.744388328,0.932055746
42,0.491219708,"bn_lingue_87,cul_prad_lingue_87,dis_urbano_lingue,dis_caminos_lingue,dis_hid_lingue,pen_lingue15,predios_lingue1",1014.319617,1135.988787,-121.6691701,1122.878679,998.3196173,124.5590621,0.110928335,0.709825679,0.721175947,0.745740231,0.924653321
43,0.49112619,"bn_lingue_87,cul_prad_lingue_87,dis_urbano_lingue,dis_caminos_lingue,pen_lingue15,dis_plant87_lingue,predios_lingue1",1014.329085,1135.988787,-121.6597019,1122.878679,998.3290855,124.5495939,0.110919903,0.709096117,0.722114851,0.744566881,0.930162602
44,0.487827847,"bn_lingue_87,cul_prad_lingue_87,dis_comunidades_lingue,dis_urbano_lingue,pen_lingue15,predios_lingue1",1014.576997,1135.988787,-121.4117905,1122.878679,1000.576997,122.3016824,0.108917984,0.711485298,0.722395303,0.750178553,0.913934095
45,0.491098137,"bn_lingue_87,dis_comunidades_lingue,dis_urbano_lingue,dis_hid_lingue,pen_lingue15,predios_lingue1",1014.578032,1135.988787,-121.4107552,1122.878679,1000.578032,122.3006472,0.108917062,0.709604929,0.721035721,0.747143149,0.926489533
46,0.482766577,"bn_lingue_87,mat_lingue_87,cul_prad_lingue_87,dis_comunidades_lingue,dis_urbano_lingue,pen_lingue15,dis_plant87_lingue,predios_lingue1",1014.61866,1135.988787,-121.3701273,1122.878679,996.6186601,126.2600193,0.112443153,0.703816107,0.72404753,0.737781859,0.834509749
47,0.486776573,"bn_lingue_87,cul_prad_lingue_87,dis_urbano_lingue,pen_lingue15,predios_lingue1",1014.674633,1135.988787,-121.3141548,1122.878679,1002.674633,120.2040468,0.107049897,0.70905974,0.719109138,0.74627589,0.914950435
48,0.486999728,"bn_lingue_87,dis_comunidades_lingue,dis_urbano_lingue,pen_lingue15,dis_plant87_lingue,predios_lingue1",1014.695752,1135.988787,-121.2930358,1122.878679,1000.695752,122.1829277,0.108812225,0.707741458,0.722383109,0.745128048,0.936195347
49,0.48734389,"bn_lingue_87,dis_urbano_lingue,dis_hid_lingue,pen_lingue15,predios_lingue1",1014.722291,1135.988787,-121.2664968,1122.878679,1002.722291,120.1563887,0.107007454,0.707407385,0.718078783,0.743648607,0.927651642
50,0.487334586,"bn_lingue_87,dis_urbano_lingue,pen_lingue15,dis_plant87_lingue,predios_lingue1",1014.968419,1135.988787,-121.0203679,1122.878679,1002.968419,119.9102598,0.10678826,0.705938468,0.718505557,0.741735537,0.934541833
51,0.490710177,"bn_lingue_87,mat_lingue_87,dis_urbano_lingue,pen_lingue15,predios_lingue1",1015.064721,1135.988787,-120.9240665,1122.878679,1003.064721,119.8139585,0.106702497,0.706709425,0.718889654,0.742500765,0.92004507
52,0.487302024,"bn_lingue_87,dis_urbano_lingue,dis_caminos_lingue,dis_hid_lingue,pen_lingue15,dis_plant87_lingue,predios_lingue1",1015.067726,1135.988787,-120.9210615,1122.878679,999.0677259,123.8109534,0.110262093,0.707268241,0.720377269,0.74244975,0.94147868
53,0.486683611,"bn_lingue_87,mat_lingue_87,dis_urbano_lingue,dis_caminos_lingue,pen_lingue15,dis_plant87_lingue,predios_lingue1",1015.084792,1135.988787,-120.9039957,1122.878679,999.0847917,123.7938877,0.110246895,0.706952259,0.720724785,0.740689726,0.937597394
54,0.493547404,"bn_lingue_87,mat_lingue_87,dis_comunidades_lingue,dis_urbano_lingue,pen_lingue15,predios_lingue1",1015.087051,1135.988787,-120.9017366,1122.878679,1001.087051,121.7916285,0.108463747,0.709260077,0.72113327,0.74489848,0.920736257
55,0.486437319,"bn_lingue_87,mat_lingue_87,dis_urbano_lingue,dis_caminos_lingue,dis_hid_lingue,pen_lingue15,predios_lingue1",1015.090534,1135.988787,-120.8982537,1122.878679,999.0905337,123.7881456,0.110241781,0.707807567,0.72081014,0.742424242,0.932383132
56,0.483141161,"bn_lingue_87,mat_lingue_87,cul_prad_lingue_87,dis_urbano_lingue,dis_hid_lingue,pen_lingue15,dis_plant87_lingue,predios_lingue1",1015.101984,1135.988787,-120.8868034,1122.878679,997.101984,125.7766953,0.11201272,0.700849395,0.721017431,0.733955719,0.822705752
57,0.492202356,"bn_lingue_87,cul_prad_lingue_87,dis_comunidades_lingue,dis_urbano_lingue,dis_caminos_lingue,pen_lingue15,dis_plant87_lingue,predios_lingue1",1015.11491,1135.988787,-120.8738775,1122.878679,997.1149099,125.7637694,0.112001209,0.709940985,0.724620628,0.747041118,0.930639115
58,0.493205054,"bn_lingue_87,cul_prad_lingue_87,dis_comunidades_lingue,dis_urbano_lingue,dis_caminos_lingue,dis_hid_lingue,pen_lingue15,predios_lingue1",1015.157475,1135.988787,-120.8313121,1122.878679,997.1574753,125.721204,0.111963301,0.710951759,0.723370788,0.748342006,0.923008646
59,0.48453943,"bn_lingue_87,mat_lingue_87,cul_prad_lingue_87,dis_comunidades_lingue,dis_urbano_lingue,dis_caminos_lingue,dis_hid_lingue,pen_lingue15,dis_plant87_lingue,predios_lingue1",1015.203373,1135.988787,-120.7854148,1122.878679,993.2033726,129.6753067,0.115484699,0.704134327,0.724584047,0.737042139,0.836120185
60,0.485606106,"mat_lingue_87,cul_prad_lingue_87,dis_comunidades_lingue,dis_urbano_lingue,dis_caminos_lingue,pen_lingue15",1015.40427,1135.988787,-120.5845176,1133.988787,1001.40427,132.5845176,0.11691872,0.708734173,0.728056384,0.735225,0.833548017
61,0.486711498,"mat_lingue_87,cul_prad_lingue_87,dis_urbano_lingue,dis_caminos_lingue,dis_hid_lingue,pen_lingue15",1015.528965,1135.988787,-120.4598223,1133.988787,1001.528965,132.4598223,0.116808758,0.707031962,0.726059744,0.7351,0.837659132
62,0.484289215,"bn_lingue_87,mat_lingue_87,cul_prad_lingue_87,dis_comunidades_lingue,dis_urbano_lingue,dis_hid_lingue,pen_lingue15,dis_plant87_lingue,predios_lingue1",1015.592063,1135.988787,-120.3967247,1122.878679,995.5920627,127.2866167,0.113357408,0.702637689,0.723267143,0.737475768,0.831308666
63,0.487609097,"bn_lingue_87,dis_comunidades_lingue,dis_urbano_lingue,dis_caminos_lingue,dis_hid_lingue,pen_lingue15,dis_plant87_lingue,predios_lingue1",1015.761631,1135.988787,-120.2271562,1122.878679,997.7616312,125.1170481,0.111425259,0.7079727,0.72329153,0.744541373,0.942266574
64,0.485996056,"mat_lingue_87,cul_prad_lingue_87,dis_urbano_lingue,dis_caminos_lingue,pen_lingue15,dis_plant87_lingue",1015.821889,1135.988787,-120.1668986,1133.988787,1001.821889,132.1668986,0.116550446,0.706680421,0.726502113,0.733925,0.84423348
65,0.490163636,"bn_lingue_87,cul_prad_lingue_87,dis_comunidades_lingue,dis_urbano_lingue,dis_hid_lingue,pen_lingue15,predios_lingue1",1015.853808,1135.988787,-120.1349795,1122.878679,999.8538079,123.0248714,0.109562033,0.710562317,0.721175947,0.749311295,0.914336218
66,0.487516031,"bn_lingue_87,mat_lingue_87,dis_comunidades_lingue,dis_urbano_lingue,dis_caminos_lingue,pen_lingue15,dis_plant87_lingue,predios_lingue1",1015.900546,1135.988787,-120.0882411,1122.878679,997.9005463,124.978133,0.111301546,0.708035496,0.724004853,0.742730334,0.939127418
67,0.485773202,"bn_lingue_87,mat_lingue_87,cul_prad_lingue_87,dis_urbano_lingue,dis_caminos_lingue,pen_lingue15",1015.926805,1135.988787,-120.0619829,1133.988787,1001.926805,132.0619829,0.116457927,0.70717235,0.726161369,0.7325,0.821745794
68,0.488801368,"bn_lingue_87,mat_lingue_87,dis_comunidades_lingue,dis_urbano_lingue,dis_caminos_lingue,dis_hid_lingue,pen_lingue15,predios_lingue1",1015.965667,1135.988787,-120.0231207,1122.878679,997.9656667,124.9130126,0.111243552,0.709134859,0.7229684,0.744975003,0.931837634
69,0.486056424,"bn_lingue_87,cul_prad_lingue_87,dis_urbano_lingue,dis_hid_lingue,pen_lingue15,predios_lingue1",1016.013674,1135.988787,-119.9751132,1122.878679,1002.013674,120.8650052,0.107638525,0.708363351,0.718377525,0.746428936,0.91580211
70,0.488796706,"bn_lingue_87,dis_comunidades_lingue,dis_urbano_lingue,dis_hid_lingue,pen_lingue15,dis_plant87_lingue,predios_lingue1",1016.027712,1135.988787,-119.9610755,1122.878679,1000.027712,122.8509674,0.10940716,0.706656392,0.721352754,0.744413835,0.937352327
71,0.486507016,"bn_lingue_87,cul_prad_lingue_87,dis_comunidades_lingue,dis_urbano_lingue,pen_lingue15,dis_plant87_lingue,predios_lingue1",1016.029196,1135.988787,-119.9595914,1122.878679,1000.029196,122.8494834,0.109405838,0.708819501,0.722834271,0.749234772,0.924846545
72,0.490887772,"bn_lingue_87,cul_prad_lingue_87,dis_urbano_lingue,dis_caminos_lingue,dis_hid_lingue,pen_lingue15,dis_plant87_lingue,predios_lingue1",1016.148252,1135.988787,-119.8405356,1122.878679,998.1482518,124.7304276,0.111080947,0.708459861,0.721096689,0.744719927,0.930172959
73,0.488512439,"mat_lingue_87,cul_prad_lingue_87,dis_urbano_lingue,pen_lingue15",1016.270548,1135.988787,-119.7182395,1133.988787,1006.270548,127.7182395,0.112627427,0.706280719,0.723405527,0.7352,0.830034341
74,0.486409442,"bn_lingue_87,cul_prad_lingue_87,dis_urbano_lingue,pen_lingue15,dis_plant87_lingue,predios_lingue1",1016.30795,1135.988787,-119.6808373,1122.878679,1002.30795,120.5707293,0.107376453,0.707005396,0.719316429,0.743878176,0.923697319
75,0.485086489,"bn_lingue_87,dis_urbano_lingue,dis_hid_lingue,pen_lingue15,dis_plant87_lingue,predios_lingue1",1016.355656,1135.988787,-119.6331313,1122.878679,1002.355656,120.5230233,0.107333967,0.705197449,0.718194621,0.740868279,0.935819577
76,0.49305972,"bn_lingue_87,mat_lingue_87,dis_comunidades_lingue,dis_urbano_lingue,dis_hid_lingue,pen_lingue15,predios_lingue1",1016.408741,1135.988787,-119.5800467,1122.878679,1000.408741,122.4699386,0.109067828,0.708566169,0.720938173,0.745204571,0.921424616
77,0.488237595,"bn_lingue_87,mat_lingue_87,dis_urbano_lingue,dis_hid_lingue,pen_lingue15,predios_lingue1",1016.434687,1135.988787,-119.5541009,1122.878679,1002.434687,120.4439928,0.107263585,0.706082642,0.71795075,0.741378431,0.920857725
78,0.486939283,"bn_lingue_87,mat_lingue_87,dis_comunidades_lingue,dis_urbano_lingue,pen_lingue15,dis_plant87_lingue,predios_lingue1",1016.538562,1135.988787,-119.4502249,1122.878679,1000.538562,122.3401168,0.108952213,0.706581186,0.721974625,0.743342516,0.93125515
79,0.487869743,"bn_lingue_87,mat_lingue_87,dis_urbano_lingue,pen_lingue15,dis_plant87_lingue,predios_lingue1",1016.691436,1135.988787,-119.2973511,1122.878679,1002.691436,120.1872431,0.107034932,0.704576537,0.718737235,0.740715233,0.928468708
80,0.488023381,"mat_lingue_87,cul_prad_lingue_87,dis_comunidades_lingue,dis_urbano_lingue,pen_lingue15",1016.860119,1135.988787,-119.128668,1133.988787,1004.860119,129.128668,0.113871204,0.708131071,0.725258696,0.73805,0.82405076
81,0.487474155,"mat_lingue_87,cul_prad_lingue_87,dis_comunidades_lingue,dis_urbano_lingue,dis_caminos_lingue,dis_hid_lingue,pen_lingue15",1016.862377,1135.988787,-119.1264099,1133.988787,1000.862377,133.1264099,0.117396584,0.707700817,0.726866769,0.736125,0.833089492
82,0.491813821,"bn_lingue_87,cul_prad_lingue_87,dis_comunidades_lingue,dis_urbano_lingue,dis_caminos_lingue,dis_hid_lingue,pen_lingue15,dis_plant87_lingue,predios_lingue1",1016.862704,1135.988787,-119.1260831,1122.878679,996.8627043,126.0159751,0.112225815,0.709155348,0.723760982,0.747347209,0.930606
83,0.486200398,"bn_lingue_87,mat_lingue_87,dis_urbano_lingue,dis_caminos_lingue,dis_hid_lingue,pen_lingue15,dis_plant87_lingue,predios_lingue1",1016.909179,1135.988787,-119.0796086,1122.878679,998.9091788,123.9695006,0.11040329,0.706374844,0.72079185,0.740970309,0.937598878
84,0.48529522,"mat_lingue_87,cul_prad_lingue_87,dis_urbano_lingue,dis_hid_lingue,pen_lingue15",1017.082031,1135.988787,-118.9067561,1133.988787,1005.082031,128.9067561,0.113675512,0.705468743,0.723118585,0.736125,0.830640919
85,0.483617758,"mat_lingue_87,cul_prad_lingue_87,dis_comunidades_lingue,dis_urbano_lingue,dis_caminos_lingue,pen_lingue15,dis_plant87_lingue",1017.135057,1135.988787,-118.8537308,1133.988787,1001.135057,132.8537308,0.117156124,0.70710038,0.728259635,0.73415,0.840868104
86,0.487576523,"bn_lingue_87,dis_urbano_lingue,dis_caminos_lingue,pen_lingue15",1017.264588,1135.988787,-118.7241994,1133.988787,1007.264588,126.7241994,0.11175084,0.710865041,0.723196298,0.741025,0.936074234
87,0.488423919,"bn_lingue_87,cul_prad_lingue_87,dis_comunidades_lingue,dis_urbano_lingue,dis_hid_lingue,pen_lingue15,dis_plant87_lingue,predios_lingue1",1017.308046,1135.988787,-118.6807418,1122.878679,999.3080456,123.5706338,0.110048072,0.707728675,0.722084367,0.748342006,0.925658772
88,0.485977483,"mat_lingue_87,cul_prad_lingue_87,dis_urbano_lingue,dis_caminos_lingue,dis_hid_lingue,pen_lingue15,dis_plant87_lingue",1017.325271,1135.988787,-118.6635167,1133.988787,1001.325271,132.6635167,0.116988385,0.705687409,0.725898339,0.73415,0.844140687
89,0.484891727,"bn_lingue_87,mat_lingue_87,cul_prad_lingue_87,dis_comunidades_lingue,dis_urbano_lingue,dis_caminos_lingue,pen_lingue15",1017.381462,1135.988787,-118.6073257,1133.988787,1001.381462,132.6073257,0.116938833,0.708284963,0.727894979,0.734375,0.825064552
90,0.485105041,"bn_lingue_87,mat_lingue_87,cul_prad_lingue_87,dis_urbano_lingue,dis_caminos_lingue,dis_hid_lingue,pen_lingue15",1017.400518,1135.988787,-118.5882691,1133.988787,1001.400518,132.5882691,0.116922028,0.705931654,0.725611396,0.7329,0.81758078
91,0.487776645,"mat_lingue_87,cul_prad_lingue_87,dis_comunidades_lingue,dis_urbano_lingue,dis_hid_lingue,pen_lingue15",1017.636208,1135.988787,-118.352579,1133.988787,1003.636208,130.352579,0.114950501,0.70719835,0.725037512,0.737575,0.824695083
92,0.483835336,"bn_lingue_87,cul_prad_lingue_87,dis_urbano_lingue,dis_hid_lingue,pen_lingue15,dis_plant87_lingue,predios_lingue1",1017.652022,1135.988787,-118.3367657,1122.878679,1001.652022,121.2266576,0.107960602,0.706220535,0.718749428,0.743674115,0.924604818
93,0.48660925,"bn_lingue_87,mat_lingue_87,dis_comunidades_lingue,dis_urbano_lingue,dis_caminos_lingue,dis_hid_lingue,pen_lingue15,dis_plant87_lingue,predios_lingue1",1017.661119,1135.988787,-118.327668,1122.878679,997.6611194,125.2175599,0.111514772,0.707263038,0.72312082,0.742679318,0.939082379
94,0.484557967,"bn_lingue_87,mat_lingue_87,cul_prad_lingue_87,dis_urbano_lingue,dis_caminos_lingue,pen_lingue15,dis_plant87_lingue",1017.748595,1135.988787,-118.240192,1133.988787,1001.748595,132.240192,0.116615079,0.705940419,0.726005942,0.73215,0.8289408
95,0.487111331,"bn_lingue_87,mat_lingue_87,dis_comunidades_lingue,dis_urbano_lingue,dis_hid_lingue,pen_lingue15,dis_plant87_lingue,predios_lingue1",1017.861937,1135.988787,-118.1268501,1122.878679,999.8619373,123.016742,0.109554794,0.705648085,0.721102786,0.742806856,0.932176346
96,0.486414088,"mat_lingue_87,cul_prad_lingue_87,dis_urbano_lingue,pen_lingue15,dis_plant87_lingue",1017.871767,1135.988787,-118.1170199,1133.988787,1005.871767,128.1170199,0.112979089,0.704282703,0.723333792,0.733875,0.839207498
97,0.491921467,"bn_lingue_87,cul_prad_lingue_87,dis_urbano_lingue,dis_caminos_lingue,pen_lingue15",1018.055339,1135.988787,-117.9334483,1133.988787,1006.055339,127.9334483,0.112817208,0.711899897,0.724350046,0.742475,0.921604268
98,0.485109679,"bn_lingue_87,mat_lingue_87,dis_urbano_lingue,dis_hid_lingue,pen_lingue15,dis_plant87_lingue,predios_lingue1",1018.065784,1135.988787,-117.9230036,1122.878679,1002.065784,120.8128955,0.107592118,0.703869403,0.718353138,0.739337823,0.929553118
99,0.485954266,"bn_lingue_87,mat_lingue_87,cul_prad_lingue_87,dis_urbano_lingue,pen_lingue15",1018.151425,1135.988787,-117.8373627,1133.988787,1006.151425,127.8373627,0.112732475,0.705359614,0.722999026,0.733475,0.812052441
100,0.489752827,"bn_lingue_87,dis_comunidades_lingue,dis_urbano_lingue,dis_caminos_lingue,pen_lingue15",1018.181132,1135.988787,-117.8076555,1133.988787,1006.181132,127.8076555,0.112706278,0.712068935,0.725641286,0.742925,0.934556577
101,0.481916372,"mat_lingue_87,cul_prad_lingue_87,dis_comunidades_lingue,dis_urbano_lingue,pen_lingue15,dis_plant87_lingue",1018.322558,1135.988787,-117.6662293,1133.988787,1004.322558,129.6662293,0.114345248,0.705581166,0.725808669,0.735425,0.83458238
102,0.485555056,"mat_lingue_87,cul_prad_lingue_87,dis_comunidades_lingue,dis_urbano_lingue,dis_caminos_lingue,dis_hid_lingue,pen_lingue15,dis_plant87_lingue",1018.566494,1135.988787,-117.4222936,1133.988787,1000.566494,133.4222936,0.117657507,0.706020802,0.726920571,0.735075,0.840678266
103,0.492708222,"cul_prad_lingue_87,dis_urbano_lingue,dis_caminos_lingue,pen_lingue15,predios_lingue1",1018.571022,1135.988787,-117.4177653,1122.878679,1006.571022,116.3076572,0.103579896,0.70676706,0.71077484,0.740230589,0.87045117
104,0.483104157,"mat_lingue_87,cul_prad_lingue_87,dis_urbano_lingue,dis_hid_lingue,pen_lingue15,dis_plant87_lingue",1018.675354,1135.988787,-117.3134332,1133.988787,1004.675354,129.3134332,0.114034137,0.70330447,0.72292729,0.7341,0.839800467
105,0.485926407,"bn_lingue_87,mat_lingue_87,cul_prad_lingue_87,dis_comunidades_lingue,dis_urbano_lingue,dis_caminos_lingue,dis_hid_lingue,pen_lingue15",1018.813455,1135.988787,-117.175332,1133.988787,1000.813455,133.175332,0.117439726,0.706993406,0.726460267,0.735,0.820776799
106,0.48759979,"bn_lingue_87,mat_lingue_87,cul_prad_lingue_87,dis_comunidades_lingue,dis_urbano_lingue,pen_lingue15",1018.841199,1135.988787,-117.1475888,1133.988787,1004.841199,129.1475888,0.113887889,0.707772857,0.725157071,0.73755,0.816795502
107,0.483187419,"bn_lingue_87,mat_lingue_87,cul_prad_lingue_87,dis_urbano_lingue,dis_hid_lingue,pen_lingue15",1018.883079,1135.988787,-117.1057088,1133.988787,1004.883079,129.1057088,0.113850957,0.704180591,0.722652304,0.7331,0.807019261
108,0.48710203,"bn_lingue_87,dis_urbano_lingue,dis_caminos_lingue,dis_hid_lingue,pen_lingue15",1019.01616,1135.988787,-116.9726276,1133.988787,1007.01616,126.9726276,0.111969915,0.710147737,0.722616436,0.7416,0.935760978
109,0.491986998,"bn_lingue_87,cul_prad_lingue_87,dis_comunidades_lingue,dis_urbano_lingue,dis_caminos_lingue,pen_lingue15",1019.023559,1135.988787,-116.9652287,1133.988787,1005.023559,128.9652287,0.113727076,0.713053679,0.726543959,0.745375,0.919969278
110,0.48529522,"mat_lingue_87,cul_prad_lingue_87,dis_comunidades_lingue,dis_urbano_lingue,dis_hid_lingue,pen_lingue15,dis_plant87_lingue",1019.085603,1135.988787,-116.903184,1133.988787,1003.085603,130.903184,0.115436048,0.704405428,0.72530652,0.736475,0.835350932
111,0.486804463,"bn_lingue_87,dis_urbano_lingue,dis_caminos_lingue,pen_lingue15,dis_plant87_lingue",1019.10903,1135.988787,-116.8797569,1133.988787,1007.10903,126.8797569,0.111888017,0.709616608,0.722915334,0.74015,0.94069674
112,0.482993155,"bn_lingue_87,mat_lingue_87,cul_prad_lingue_87,dis_comunidades_lingue,dis_urbano_lingue,dis_caminos_lingue,pen_lingue15,dis_plant87_lingue",1019.120351,1135.988787,-116.8684365,1133.988787,1001.120351,132.8684365,0.117169092,0.706767809,0.727859111,0.73345,0.834038762
113,0.487474155,"bn_lingue_87,mat_lingue_87,dis_urbano_lingue,dis_caminos_lingue,pen_lingue15",1019.192632,1135.988787,-116.7961555,1133.988787,1007.192632,126.7961555,0.111814294,0.710330923,0.723285968,0.739975,0.933503462
114,0.484242888,"bn_lingue_87,mat_lingue_87,cul_prad_lingue_87,dis_urbano_lingue,dis_caminos_lingue,dis_hid_lingue,pen_lingue15,dis_plant87_lingue",1019.207761,1135.988787,-116.7810262,1133.988787,1001.207761,132.7810262,0.11709201,0.704669508,0.725402168,0.73225,0.824950408
115,0.487930263,"bn_lingue_87,dis_comunidades_lingue,dis_urbano_lingue,pen_lingue15",1019.363865,1135.988787,-116.6249224,1133.988787,1009.363865,124.6249224,0.109899607,0.711617491,0.723106629,0.7451,0.924151021
116,0.487195044,"bn_lingue_87,dis_urbano_lingue,pen_lingue15",1019.421705,1135.988787,-116.5670825,1133.988787,1011.421705,122.5670825,0.108084916,0.709577894,0.720332853,0.741925,0.925698836
117,0.48664643,"bn_lingue_87,mat_lingue_87,cul_prad_lingue_87,dis_comunidades_lingue,dis_urbano_lingue,dis_hid_lingue,pen_lingue15",1019.578608,1135.988787,-116.4101793,1133.988787,1003.578608,130.4101793,0.115001295,0.706457426,0.724977732,0.736525,0.811800541
118,0.484136347,"bn_lingue_87,mat_lingue_87,cul_prad_lingue_87,dis_urbano_lingue,pen_lingue15,dis_plant87_lingue",1019.770842,1135.988787,-116.2179455,1133.988787,1005.770842,128.2179455,0.113068089,0.703452193,0.722700127,0.73155,0.822043006
119,0.490836359,"bn_lingue_87,cul_prad_lingue_87,dis_urbano_lingue,dis_caminos_lingue,dis_hid_lingue,pen_lingue15",1019.808721,1135.988787,-116.1800669,1133.988787,1005.808721,128.1800669,0.113034686,0.711194529,0.723710403,0.74255,0.921376203
120,0.48974816,"bn_lingue_87,dis_comunidades_lingue,dis_urbano_lingue,dis_caminos_lingue,dis_hid_lingue,pen_lingue15",1019.885504,1135.988787,-116.1032838,1133.988787,1005.885504,128.1032838,0.112966976,0.711246723,0.724738613,0.7437,0.93402498
121,0.491406779,"bn_lingue_87,cul_prad_lingue_87,dis_urbano_lingue,dis_caminos_lingue,pen_lingue15,dis_plant87_lingue",1019.901558,1135.988787,-116.0872296,1133.988787,1005.901558,128.0872296,0.112952818,0.710694327,0.724260376,0.742275,0.927033275
122,0.488316777,"bn_lingue_87,dis_comunidades_lingue,dis_urbano_lingue,dis_caminos_lingue,pen_lingue15,dis_plant87_lingue",1019.910206,1135.988787,-116.0785809,1133.988787,1005.910206,128.0785809,0.112945192,0.710368137,0.725778779,0.742,0.940946818
123,0.491734267,"cul_prad_lingue_87,dis_comunidades_lingue,dis_urbano_lingue,dis_caminos_lingue,pen_lingue15,predios_lingue1",1020.02878,1135.988787,-115.9600073,1122.878679,1006.02878,116.8498993,0.1040628,0.7075173,0.712280745,0.741403938,0.866784832
124,0.488843318,"bn_lingue_87,mat_lingue_87,dis_comunidades_lingue,dis_urbano_lingue,dis_caminos_lingue,pen_lingue15",1020.136907,1135.988787,-115.8518801,1133.988787,1006.136907,127.8518801,0.112745277,0.711653017,0.725993986,0.74185,0.93240438
125,0.48169474,"bn_lingue_87,mat_lingue_87,cul_prad_lingue_87,dis_comunidades_lingue,dis_urbano_lingue,pen_lingue15,dis_plant87_lingue",1020.313701,1135.988787,-115.6750863,1133.988787,1004.313701,129.6750863,0.114353059,0.705348545,0.725850515,0.735075,0.829270565
126,0.49120568,"cul_prad_lingue_87,dis_urbano_lingue,dis_caminos_lingue,dis_hid_lingue,pen_lingue15,predios_lingue1",1020.41459,1135.988787,-115.5741975,1122.878679,1006.41459,116.4640894,0.10371921,0.706214544,0.710817517,0.740256096,0.870658299
127,0.485448326,"bn_lingue_87,cul_prad_lingue_87,dis_comunidades_lingue,dis_urbano_lingue,pen_lingue15",1020.474014,1135.988787,-115.5147734,1133.988787,1008.474014,125.5147734,0.110684316,0.712336857,0.723578888,0.74795,0.910274448
128,0.481607029,"bn_lingue_87,mat_lingue_87,cul_prad_lingue_87,dis_urbano_lingue,dis_hid_lingue,pen_lingue15,dis_plant87_lingue",1020.499742,1135.988787,-115.4890452,1133.988787,1004.499742,129.4890452,0.114189,0.702181345,0.722873488,0.731275,0.817319122
129,0.485717499,"bn_lingue_87,cul_prad_lingue_87,dis_urbano_lingue,pen_lingue15",1020.504803,1135.988787,-115.4839846,1133.988787,1010.504803,123.4839846,0.108893479,0.710318946,0.720787178,0.743275,0.911492237
130,0.493739752,"cul_prad_lingue_87,dis_urbano_lingue,pen_lingue15,predios_lingue1",1020.528498,1135.988787,-115.4602896,1122.878679,1010.528498,112.3501815,0.100055494,0.705236181,0.707811805,0.741582492,0.862444624
131,0.484493087,"bn_lingue_87,mat_lingue_87,cul_prad_lingue_87,dis_comunidades_lingue,dis_urbano_lingue,dis_caminos_lingue,dis_hid_lingue,pen_lingue15,dis_plant87_lingue",1020.529772,1135.988787,-115.4590158,1133.988787,1000.529772,133.4590158,0.11768989,0.705443426,0.72668743,0.7342,0.829958399
132,0.488880609,"bn_lingue_87,dis_comunidades_lingue,dis_urbano_lingue,dis_hid_lingue,pen_lingue15",1020.550463,1135.988787,-115.4383249,1133.988787,1008.550463,125.4383249,0.110616901,0.710649648,0.722287648,0.74515,0.924464093
133,0.492089988,"cul_prad_lingue_87,dis_urbano_lingue,dis_caminos_lingue,pen_lingue15,dis_plant87_lingue,predios_lingue1",1020.559626,1135.988787,-115.4291616,1122.878679,1006.559626,116.3190535,0.103590046,0.706361101,0.710744356,0.74000102,0.872091821
134,0.484548698,"bn_lingue_87,dis_urbano_lingue,dis_hid_lingue,pen_lingue15",1020.617803,1135.988787,-115.3709848,1133.988787,1010.617803,123.3709848,0.108793831,0.708730793,0.719860594,0.74095,0.926345767
135,0.490752235,"bn_lingue_87,cul_prad_lingue_87,dis_comunidades_lingue,dis_urbano_lingue,dis_caminos_lingue,dis_hid_lingue,pen_lingue15",1020.726237,1135.988787,-115.2625502,1133.988787,1004.726237,129.2625502,0.113989267,0.712197558,0.725378256,0.745775,0.919355414
136,0.490985935,"bn_lingue_87,cul_prad_lingue_87,dis_comunidades_lingue,dis_urbano_lingue,dis_caminos_lingue,pen_lingue15,dis_plant87_lingue",1020.757843,1135.988787,-115.2309443,1133.988787,1004.757843,129.2309443,0.113961395,0.71140889,0.727016218,0.7443,0.927185487
137,0.485476167,"bn_lingue_87,dis_comunidades_lingue,dis_urbano_lingue,pen_lingue15,dis_plant87_lingue",1020.826017,1135.988787,-115.1627709,1133.988787,1008.826017,125.1627709,0.110373905,0.709140394,0.723835941,0.7427,0.934574105
138,0.486237557,"bn_lingue_87,dis_urbano_lingue,dis_caminos_lingue,dis_hid_lingue,pen_lingue15,dis_plant87_lingue",1020.851464,1135.988787,-115.137323,1133.988787,1006.851464,127.137323,0.11211515,0.708859964,0.722353405,0.740775,0.940467372
139,0.487050877,"bn_lingue_87,mat_lingue_87,dis_urbano_lingue,dis_caminos_lingue,dis_hid_lingue,pen_lingue15",1020.927518,1135.988787,-115.0612696,1133.988787,1006.927518,127.0612696,0.112048083,0.709567022,0.722873488,0.7406,0.932840581
140,0.486284009,"bn_lingue_87,mat_lingue_87,dis_urbano_lingue,dis_caminos_lingue,pen_lingue15,dis_plant87_lingue",1021.035947,1135.988787,-114.9528402,1133.988787,1007.035947,126.9528402,0.111952465,0.70907371,0.722712083,0.739275,0.938298414
141,0.484701651,"bn_lingue_87,mat_lingue_87,cul_prad_lingue_87,dis_comunidades_lingue,dis_urbano_lingue,dis_hid_lingue,pen_lingue15,dis_plant87_lingue",1021.046828,1135.988787,-114.9419595,1133.988787,1003.046828,130.9419595,0.115470242,0.703856092,0.725007622,0.735225,0.824477712
142,0.486335109,"bn_lingue_87,dis_urbano_lingue,pen_lingue15,dis_plant87_lingue",1021.067675,1135.988787,-114.9211128,1133.988787,1011.067675,122.9211128,0.108397115,0.707650815,0.720308941,0.739575,0.933788917
143,0.499727204,"cul_prad_lingue_87,dis_comunidades_lingue,dis_urbano_lingue,pen_lingue15,predios_lingue1",1021.237179,1135.988787,-114.7516085,1122.878679,1009.237179,113.6415004,0.101205502,0.707207282,0.710268807,0.743801653,0.857783382
144,0.488969184,"bn_lingue_87,mat_lingue_87,dis_urbano_lingue,pen_lingue15",1021.247395,1135.988787,-114.7413921,1133.988787,1011.247395,122.7413921,0.108238629,0.708729499,0.720398611,0.7404,0.921215527
145,0.489869511,"bn_lingue_87,mat_lingue_87,dis_comunidades_lingue,dis_urbano_lingue,pen_lingue15",1021.260839,1135.988787,-114.7279485,1133.988787,1009.260839,124.7279485,0.10999046,0.710874956,0.722891422,0.743175,0.920632065
146,0.487813882,"bn_lingue_87,dis_comunidades_lingue,dis_urbano_lingue,dis_caminos_lingue,dis_hid_lingue,pen_lingue15,dis_plant87_lingue",1021.597543,1135.988787,-114.3912445,1133.988787,1005.597543,128.3912445,0.113220912,0.709490875,0.725001644,0.7426,0.940670447
147,0.486832355,"bn_lingue_87,cul_prad_lingue_87,dis_comunidades_lingue,dis_urbano_lingue,dis_hid_lingue,pen_lingue15",1021.627568,1135.988787,-114.361219,1133.988787,1007.627568,126.361219,0.111430748,0.711484963,0.723291946,0.7473,0.910547595
148,0.490112273,"bn_lingue_87,cul_prad_lingue_87,dis_urbano_lingue,dis_caminos_lingue,dis_hid_lingue,pen_lingue15,dis_plant87_lingue",1021.646201,1135.988787,-114.3425863,1133.988787,1005.646201,128.3425863,0.113178003,0.709920458,0.723584866,0.74225,0.926904727
149,0.483478912,"bn_lingue_87,cul_prad_lingue_87,dis_urbano_lingue,dis_hid_lingue,pen_lingue15",1021.67748,1135.988787,-114.3113075,1133.988787,1009.67748,124.3113075,0.109623048,0.709572354,0.720350787,0.743975,0.911821294
150,0.490233683,"cul_prad_lingue_87,dis_comunidades_lingue,dis_urbano_lingue,dis_caminos_lingue,dis_hid_lingue,pen_lingue15,predios_lingue1",1021.826969,1135.988787,-114.1618187,1122.878679,1005.826969,117.0517106,0.104242527,0.706972159,0.712122228,0.741505969,0.866885651
151,0.488698832,"bn_lingue_87,mat_lingue_87,dis_comunidades_lingue,dis_urbano_lingue,dis_caminos_lingue,dis_hid_lingue,pen_lingue15",1021.827427,1135.988787,-114.16136,1133.988787,1005.827427,128.16136,0.11301819,0.710752573,0.724517429,0.74285,0.931444743
152,0.487181091,"bn_lingue_87,mat_lingue_87,dis_comunidades_lingue,dis_urbano_lingue,dis_caminos_lingue,pen_lingue15,dis_plant87_lingue",1021.866401,1135.988787,-114.1223862,1133.988787,1005.866401,128.1223862,0.112983821,0.709958643,0.725635308,0.740975,0.9390223
153,0.491360007,"cul_prad_lingue_87,dis_urbano_lingue,dis_hid_lingue,pen_lingue15,predios_lingue1",1021.923024,1135.988787,-114.0657639,1122.878679,1009.923024,112.9556558,0.100594711,0.705422594,0.708500741,0.741863075,0.863433149
154,0.484942731,"bn_lingue_87,cul_prad_lingue_87,dis_comunidades_lingue,dis_urbano_lingue,pen_lingue15,dis_plant87_lingue",1021.934236,1135.988787,-114.054551,1133.988787,1007.934236,126.054551,0.111160315,0.70995423,0.724415803,0.7461,0.921087447
155,0.490504593,"cul_prad_lingue_87,dis_comunidades_lingue,dis_urbano_lingue,dis_caminos_lingue,pen_lingue15,dis_plant87_lingue,predios_lingue1",1021.995085,1135.988787,-113.9937024,1122.878679,1005.995085,116.8835944,0.104092808,0.706785523,0.711884454,0.740562188,0.869595038
156,0.487488114,"bn_lingue_87,dis_comunidades_lingue,dis_urbano_lingue,dis_hid_lingue,pen_lingue15,dis_plant87_lingue",1022.008745,1135.988787,-113.9800427,1133.988787,1008.008745,125.9800427,0.111094611,0.707964046,0.722341449,0.74345,0.935181711
157,0.484701651,"bn_lingue_87,cul_prad_lingue_87,dis_urbano_lingue,pen_lingue15,dis_plant87_lingue",1022.149021,1135.988787,-113.8397666,1133.988787,1010.149021,123.8397666,0.109207223,0.708433771,0.721068143,0.74165,0.920405283
158,0.482761954,"bn_lingue_87,dis_urbano_lingue,dis_hid_lingue,pen_lingue15,dis_plant87_lingue",1022.262405,1135.988787,-113.7263826,1133.988787,1010.262405,123.7263826,0.109107236,0.706650106,0.719675277,0.73935,0.934514122
159,0.49063074,"cul_prad_lingue_87,dis_urbano_lingue,dis_caminos_lingue,dis_hid_lingue,pen_lingue15,dis_plant87_lingue,predios_lingue1",1022.402065,1135.988787,-113.5867224,1122.878679,1006.402065,116.4766143,0.103730364,0.705781631,0.710707775,0.739720437,0.872389844
160,0.485234914,"bn_lingue_87,mat_lingue_87,dis_urbano_lingue,dis_hid_lingue,pen_lingue15",1022.411512,1135.988787,-113.5772756,1133.988787,1010.411512,123.5772756,0.108975747,0.70783315,0.719860594,0.739675,0.920976541
161,0.490172976,"bn_lingue_87,mat_lingue_87,dis_comunidades_lingue,dis_urbano_lingue,dis_hid_lingue,pen_lingue15",1022.42297,1135.988787,-113.5658176,1133.988787,1008.42297,125.5658176,0.110729329,0.709933953,0.722359383,0.743475,0.920560624
162,0.491603255,"cul_prad_lingue_87,dis_urbano_lingue,pen_lingue15,dis_plant87_lingue,predios_lingue1",1022.439313,1135.988787,-113.5494742,1122.878679,1010.439313,112.4393662,0.100134919,0.704245007,0.707598417,0.740817264,0.866910313
163,0.490168306,"bn_lingue_87,cul_prad_lingue_87,dis_comunidades_lingue,dis_urbano_lingue,dis_caminos_lingue,dis_hid_lingue,pen_lingue15,dis_plant87_lingue",1022.443791,1135.988787,-113.5449968,1133.988787,1004.443791,129.5449968,0.11423834,0.710454891,0.725826603,0.744875,0.926831344
164,0.494500245,"cul_prad_lingue_87,dis_comunidades_lingue,dis_urbano_lingue,dis_hid_lingue,pen_lingue15,predios_lingue1",1022.576723,1135.988787,-113.4120648,1122.878679,1008.576723,114.3019568,0.101793683,0.707521014,0.711073582,0.744464851,0.858262498
165,0.485151421,"mat_lingue_87,dis_urbano_lingue,dis_caminos_lingue,pen_lingue15,predios_lingue1",1022.705037,1135.988787,-113.2837505,1122.878679,1010.705037,112.1736424,0.099898274,0.697337721,0.710439517,0.721992654,0.868375719
166,0.486088932,"bn_lingue_87,mat_lingue_87,dis_comunidades_lingue,dis_urbano_lingue,pen_lingue15,dis_plant87_lingue",1022.726799,1135.988787,-113.2619885,1133.988787,1008.726799,125.2619885,0.1104614,0.708410495,0.723381615,0.740875,0.931063664
167,0.48609822,"bn_lingue_87,mat_lingue_87,dis_urbano_lingue,dis_caminos_lingue,dis_hid_lingue,pen_lingue15,dis_plant87_lingue",1022.76122,1135.988787,-113.2275679,1133.988787,1006.76122,127.2275679,0.112194732,0.708267163,0.722502854,0.739325,0.937806614
168,0.487143885,"bn_lingue_87,mat_lingue_87,dis_urbano_lingue,pen_lingue15,dis_plant87_lingue",1022.893513,1135.988787,-113.0952747,1133.988787,1010.893513,123.0952747,0.108550698,0.706751948,0.720380677,0.738525,0.929479814
169,0.485814982,"bn_lingue_87,cul_prad_lingue_87,dis_comunidades_lingue,dis_urbano_lingue,dis_hid_lingue,pen_lingue15,dis_plant87_lingue",1023.08379,1135.988787,-112.9049974,1133.988787,1007.08379,126.9049974,0.111910275,0.708816927,0.723668558,0.745525,0.921617076
170,0.497606571,"cul_prad_lingue_87,dis_comunidades_lingue,dis_urbano_lingue,pen_lingue15,dis_plant87_lingue,predios_lingue1",1023.084842,1135.988787,-112.9039453,1122.878679,1009.084842,113.7938373,0.101341168,0.705809778,0.710207839,0.742755841,0.863908829
171,0.483122659,"bn_lingue_87,cul_prad_lingue_87,dis_urbano_lingue,dis_hid_lingue,pen_lingue15,dis_plant87_lingue",1023.320578,1135.988787,-112.6682097,1133.988787,1009.320578,124.6682097,0.10993778,0.707460417,0.720560016,0.742175,0.920896025
172,0.488479825,"mat_lingue_87,dis_urbano_lingue,pen_lingue15,predios_lingue1",1023.437188,1135.988787,-112.5515999,1122.878679,1013.437188,109.4414918,0.097465108,0.694730874,0.707074094,0.722757882,0.861625424
173,0.486716146,"bn_lingue_87,mat_lingue_87,dis_comunidades_lingue,dis_urbano_lingue,dis_caminos_lingue,dis_hid_lingue,pen_lingue15,dis_plant87_lingue",1023.539568,1135.988787,-112.4492196,1133.988787,1005.539568,128.4492196,0.113272037,0.709017489,0.72492393,0.741375,0.938384647
174,0.488559033,"cul_prad_lingue_87,dis_comunidades_lingue,dis_urbano_lingue,dis_caminos_lingue,dis_hid_lingue,pen_lingue15,dis_plant87_lingue,predios_lingue1",1023.789641,1135.988787,-112.1991463,1122.878679,1005.789641,117.0890382,0.104275769,0.706185256,0.711719841,0.741021324,0.869903107
175,0.490663448,"cul_prad_lingue_87,dis_urbano_lingue,dis_caminos_lingue,pen_lingue15",1023.807526,1135.988787,-112.1812616,1133.988787,1013.807526,120.1812616,0.105980996,0.708321089,0.71329081,0.737675,0.868652526
176,0.490476564,"cul_prad_lingue_87,dis_urbano_lingue,dis_hid_lingue,pen_lingue15,dis_plant87_lingue,predios_lingue1",1023.836653,1135.988787,-112.1521347,1122.878679,1009.836653,113.0420267,0.10067163,0.704149671,0.70829345,0.740511172,0.86808026
177,0.487125282,"bn_lingue_87,mat_lingue_87,dis_comunidades_lingue,dis_urbano_lingue,dis_hid_lingue,pen_lingue15,dis_plant87_lingue",1023.8856,1135.988787,-112.1031876,1133.988787,1007.8856,126.1031876,0.111203205,0.707251669,0.722478943,0.741825,0.931205192
178,0.483307704,"bn_lingue_87,mat_lingue_87,dis_urbano_lingue,dis_hid_lingue,pen_lingue15,dis_plant87_lingue",1024.056392,1135.988787,-111.9323953,1133.988787,1010.056392,123.9323953,0.109288907,0.705769034,0.719974175,0.738,0.929800581
179,0.492019766,"cul_prad_lingue_87,dis_comunidades_lingue,dis_urbano_lingue,dis_hid_lingue,pen_lingue15,dis_plant87_lingue,predios_lingue1",1024.426206,1135.988787,-111.5625818,1122.878679,1008.426206,114.4524737,0.101927729,0.705703516,0.71098213,0.743112948,0.864871154
180,0.48710203,"mat_lingue_87,dis_comunidades_lingue,dis_urbano_lingue,dis_caminos_lingue,pen_lingue15,predios_lingue1",1024.434013,1135.988787,-111.5547743,1122.878679,1010.434013,112.4446662,0.10013964,0.69772269,0.711786905,0.723191511,0.866324265
181,0.484349444,"mat_lingue_87,dis_urbano_lingue,dis_caminos_lingue,dis_hid_lingue,pen_lingue15,predios_lingue1",1024.542657,1135.988787,-111.4461305,1122.878679,1010.542657,112.3360224,0.100042885,0.696915133,0.71045171,0.722477298,0.868377143
182,0.493852369,"mat_lingue_87,dis_comunidades_lingue,dis_urbano_lingue,pen_lingue15,predios_lingue1",1024.691496,1135.988787,-111.2972912,1122.878679,1012.691496,110.1871832,0.098129197,0.695841658,0.708866548,0.724313846,0.859498747
183,0.484599679,"mat_lingue_87,dis_urbano_lingue,dis_caminos_lingue,pen_lingue15,dis_plant87_lingue,predios_lingue1",1024.696227,1135.988787,-111.2925606,1122.878679,1010.696227,112.1824525,0.09990612,0.696994599,0.710652904,0.721227426,0.86983007
184,0.487064828,"mat_lingue_87,dis_urbano_lingue,dis_hid_lingue,pen_lingue15,predios_lingue1",1024.910153,1135.988787,-111.0786344,1122.878679,1012.910153,109.9685264,0.097934468,0.694585062,0.707549643,0.723344557,0.862417754
185,0.490158967,"cul_prad_lingue_87,dis_comunidades_lingue,dis_urbano_lingue,dis_caminos_lingue,pen_lingue15",1025.274935,1135.988787,-110.7138528,1133.988787,1013.274935,120.7138528,0.106450658,0.708947316,0.714749434,0.73855,0.864872224
186,0.485861407,"mat_lingue_87,dis_urbano_lingue,pen_lingue15,dis_plant87_lingue,predios_lingue1",1025.362807,1135.988787,-110.6259803,1122.878679,1013.362807,109.5158722,0.097531349,0.693838333,0.706757062,0.721635547,0.866026124
187,0.489025131,"cul_prad_lingue_87,dis_urbano_lingue,dis_caminos_lingue,dis_hid_lingue,pen_lingue15",1025.562056,1135.988787,-110.4267314,1133.988787,1013.562056,120.4267314,0.106197462,0.70770037,0.712920176,0.737225,0.868631914
188,0.489729493,"cul_prad_lingue_87,dis_urbano_lingue,dis_caminos_lingue,pen_lingue15,dis_plant87_lingue",1025.800086,1135.988787,-110.1887016,1133.988787,1013.800086,120.1887016,0.105987557,0.708012955,0.713135383,0.737775,0.869940405
189,0.493453594,"cul_prad_lingue_87,dis_urbano_lingue,pen_lingue15",1025.994171,1135.988787,-109.994616,1133.988787,1017.994171,115.994616,0.102289033,0.706839283,0.709984995,0.7397,0.860461449
190,0.491752985,"mat_lingue_87,dis_comunidades_lingue,dis_urbano_lingue,dis_hid_lingue,pen_lingue15,predios_lingue1",1026.140651,1135.988787,-109.8481362,1122.878679,1012.140651,110.7380282,0.098619762,0.695701353,0.709073838,0.726252423,0.85981507
191,0.486934634,"mat_lingue_87,dis_comunidades_lingue,dis_urbano_lingue,dis_caminos_lingue,dis_hid_lingue,pen_lingue15,predios_lingue1",1026.243485,1135.988787,-109.7453024,1122.878679,1010.243485,112.6351943,0.100309318,0.697237535,0.71183568,0.723650648,0.866309272
192,0.486107509,"mat_lingue_87,dis_comunidades_lingue,dis_urbano_lingue,dis_caminos_lingue,pen_lingue15,dis_plant87_lingue,predios_lingue1",1026.413,1135.988787,-109.5757877,1122.878679,1010.413,112.4656797,0.100158353,0.697191748,0.711817389,0.722528313,0.868548615
193,0.483895528,"mat_lingue_87,dis_urbano_lingue,dis_caminos_lingue,dis_hid_lingue,pen_lingue15,dis_plant87_lingue,predios_lingue1",1026.532457,1135.988787,-109.4563299,1122.878679,1010.532457,112.3462219,0.100051968,0.696529001,0.710445614,0.721814101,0.869902299
194,0.494396923,"dis_urbano_lingue,dis_caminos_lingue,pen_lingue15,predios_lingue1",1026.553751,1135.988787,-109.4350364,1122.878679,1016.553751,106.3249283,0.094689596,0.699651955,0.702983155,0.728497092,0.886600298
195,0.49234284,"mat_lingue_87,dis_comunidades_lingue,dis_urbano_lingue,pen_lingue15,dis_plant87_lingue,predios_lingue1",1026.579784,1135.988787,-109.4090035,1122.878679,1012.579784,110.2988954,0.098228684,0.69481833,0.708878741,0.722834405,0.864769809
196,0.497300071,"cul_prad_lingue_87,dis_comunidades_lingue,dis_urbano_lingue,pen_lingue15",1026.69863,1135.988787,-109.2901578,1133.988787,1016.69863,117.2901578,0.103431497,0.708327902,0.711796319,0.740525,0.855502568
197,0.485086489,"mat_lingue_87,dis_urbano_lingue,dis_hid_lingue,pen_lingue15,dis_plant87_lingue,predios_lingue1",1026.837667,1135.988787,-109.1511206,1122.878679,1012.837667,110.0410126,0.097999022,0.693534063,0.706842417,0.722094684,0.866790001
198,0.4883587,"cul_prad_lingue_87,dis_comunidades_lingue,dis_urbano_lingue,dis_caminos_lingue,dis_hid_lingue,pen_lingue15",1026.987639,1135.988787,-109.0011485,1133.988787,1012.987639,121.0011485,0.106704008,0.7082599,0.714283152,0.739,0.864634565
199,0.48841926,"cul_prad_lingue_87,dis_urbano_lingue,dis_hid_lingue,pen_lingue15",1027.193103,1135.988787,-108.7956839,1133.988787,1017.193103,116.7956839,0.102995449,0.706777971,0.710899624,0.738975,0.861195445
200,0.488820012,"cul_prad_lingue_87,dis_comunidades_lingue,dis_urbano_lingue,dis_caminos_lingue,pen_lingue15,dis_plant87_lingue",1027.247681,1135.988787,-108.7411067,1133.988787,1013.247681,120.7411067,0.106474692,0.708324597,0.714570095,0.738275,0.867361375
201,0.493664684,"dis_urbano_lingue,pen_lingue15,predios_lingue1",1027.470759,1135.988787,-108.5180286,1122.878679,1019.470759,103.4079206,0.092091802,0.698133862,0.700343249,0.729848995,0.879782219
202,0.488069944,"cul_prad_lingue_87,dis_urbano_lingue,dis_caminos_lingue,dis_hid_lingue,pen_lingue15,dis_plant87_lingue",1027.552766,1135.988787,-108.4360211,1133.988787,1013.552766,120.4360211,0.106205654,0.707346382,0.712872353,0.7368,0.870086598
203,0.491444199,"cul_prad_lingue_87,dis_comunidades_lingue,dis_urbano_lingue,dis_hid_lingue,pen_lingue15",1027.870041,1135.988787,-108.1187468,1133.988787,1015.870041,118.1187468,0.104162182,0.70844742,0.712848441,0.740425,0.855680659
204,0.490789622,"cul_prad_lingue_87,dis_urbano_lingue,pen_lingue15,dis_plant87_lingue",1027.913355,1135.988787,-108.0754323,1133.988787,1017.913355,116.0754323,0.1023603,0.705912119,0.709721965,0.739025,0.864748502
205,0.490551312,"mat_lingue_87,dis_comunidades_lingue,dis_urbano_lingue,dis_hid_lingue,pen_lingue15,dis_plant87_lingue,predios_lingue1",1028.030287,1135.988787,-107.9585003,1122.878679,1012.030287,110.8483922,0.098718049,0.694491091,0.708964096,0.724211815,0.865218331
206,0.485982126,"mat_lingue_87,dis_comunidades_lingue,dis_urbano_lingue,dis_caminos_lingue,dis_hid_lingue,pen_lingue15,dis_plant87_lingue,predios_lingue1",1028.219241,1135.988787,-107.7695467,1122.878679,1010.219241,112.6594387,0.100330909,0.696637691,0.711671067,0.723370064,0.868657046
207,0.496588534,"dis_comunidades_lingue,dis_urbano_lingue,dis_caminos_lingue,pen_lingue15,predios_lingue1",1028.26731,1135.988787,-107.7214775,1122.878679,1016.26731,106.6113695,0.094944691,0.700222854,0.704452479,0.728854199,0.884711363
208,0.493547404,"dis_urbano_lingue,dis_caminos_lingue,dis_hid_lingue,pen_lingue15,predios_lingue1",1028.459677,1135.988787,-107.5291105,1122.878679,1016.459677,106.4190025,0.094773375,0.69925764,0.702690509,0.728267524,0.886677467
209,0.494904278,"dis_urbano_lingue,dis_caminos_lingue,pen_lingue15,dis_plant87_lingue,predios_lingue1",1028.547892,1135.988787,-107.4408956,1122.878679,1016.547892,106.3307876,0.094694814,0.699931235,0.703141671,0.729007244,0.885403874
210,0.49453782,"cul_prad_lingue_87,dis_comunidades_lingue,dis_urbano_lingue,pen_lingue15,dis_plant87_lingue",1028.553638,1135.988787,-107.4351492,1133.988787,1016.553638,117.4351492,0.103559357,0.707094753,0.712107173,0.739975,0.861389468
211,0.4967958,"dis_comunidades_lingue,dis_urbano_lingue,pen_lingue15,predios_lingue1",1028.678059,1135.988787,-107.3107285,1122.878679,1018.678059,104.2006205,0.092797755,0.699527608,0.702093025,0.730894807,0.877735067
212,0.482993155,"mat_lingue_87,cul_prad_lingue_87,dis_comunidades_lingue,dis_urbano_lingue,dis_caminos_lingue,predios_lingue1",1028.826523,1135.988787,-107.1622643,1122.878679,1014.826523,108.0521562,0.09622781,0.683408193,0.71437194,0.705489236,0.807441668
213,0.486781221,"cul_prad_lingue_87,dis_comunidades_lingue,dis_urbano_lingue,dis_caminos_lingue,dis_hid_lingue,pen_lingue15,dis_plant87_lingue",1028.955327,1135.988787,-107.0334601,1133.988787,1012.955327,121.0334601,0.106732502,0.707574876,0.714085879,0.7379,0.867394346
214,0.491093461,"dis_urbano_lingue,dis_hid_lingue,pen_lingue15,predios_lingue1",1029.057505,1135.988787,-106.9312828,1122.878679,1019.057505,103.8211747,0.092459833,0.698165982,0.700367636,0.729874503,0.880490829
215,0.486604603,"cul_prad_lingue_87,dis_urbano_lingue,dis_hid_lingue,pen_lingue15,dis_plant87_lingue",1029.11207,1135.988787,-106.8767177,1133.988787,1017.11207,116.8767177,0.103066908,0.705526727,0.71058877,0.73795,0.865787243
216,0.484168771,"mat_lingue_87,cul_prad_lingue_87,dis_comunidades_lingue,dis_urbano_lingue,predios_lingue1",1029.345814,1135.988787,-106.6429732,1122.878679,1017.345814,105.5328652,0.09398421,0.682055094,0.710317581,0.709085808,0.799557786
217,0.493627152,"dis_urbano_lingue,pen_lingue15,dis_plant87_lingue,predios_lingue1",1029.459828,1135.988787,-106.5289596,1122.878679,1019.459828,103.4188515,0.092101536,0.697816584,0.700111571,0.729517396,0.881376179
218,0.489183671,"cul_prad_lingue_87,dis_comunidades_lingue,dis_urbano_lingue,dis_hid_lingue,pen_lingue15,dis_plant87_lingue",1029.723348,1135.988787,-106.2654397,1133.988787,1015.723348,118.2654397,0.104291542,0.706815309,0.712914198,0.7395,0.862148135
219,0.486126086,"mat_lingue_87,dis_urbano_lingue,dis_caminos_lingue,pen_lingue15",1029.944207,1135.988787,-106.04458,1133.988787,1019.944207,114.04458,0.100569407,0.69967732,0.710732241,0.71845,0.873613223
220,0.482193506,"mat_lingue_87,cul_prad_lingue_87,dis_comunidades_lingue,dis_urbano_lingue,dis_hid_lingue,predios_lingue1",1029.987834,1135.988787,-106.0009529,1122.878679,1015.987834,106.8908449,0.095193583,0.682725943,0.711329647,0.711866136,0.801274627
221,0.482188886,"mat_lingue_87,cul_prad_lingue_87,dis_comunidades_lingue,dis_urbano_lingue,dis_caminos_lingue,dis_hid_lingue,predios_lingue1",1030.116221,1135.988787,-105.8725667,1122.878679,1014.116221,108.7624587,0.096860383,0.68322922,0.714091488,0.706662585,0.808191376
222,0.496150639,"dis_comunidades_lingue,dis_urbano_lingue,dis_caminos_lingue,dis_hid_lingue,pen_lingue15,predios_lingue1",1030.150535,1135.988787,-105.8382519,1122.878679,1016.150535,106.7281439,0.095048687,0.699770541,0.704397608,0.729236813,0.884721236
223,0.481953317,"bn_lingue_87,mat_lingue_87,cul_prad_lingue_87,dis_comunidades_lingue,dis_urbano_lingue,dis_caminos_lingue,predios_lingue1",1030.204613,1135.988787,-105.7841739,1122.878679,1014.204613,108.6740659,0.096781663,0.681375815,0.713926875,0.700948883,0.765154156
224,0.495153384,"dis_comunidades_lingue,dis_urbano_lingue,dis_hid_lingue,pen_lingue15,predios_lingue1",1030.241284,1135.988787,-105.7475033,1122.878679,1018.241284,104.6373953,0.093186733,0.699635914,0.70274538,0.730843791,0.878109364
225,0.496711003,"dis_comunidades_lingue,dis_urbano_lingue,dis_caminos_lingue,pen_lingue15,dis_plant87_lingue,predios_lingue1",1030.266732,1135.988787,-105.7220558,1122.878679,1016.266732,106.6119478,0.094945206,0.700318573,0.704489059,0.728930721,0.884341418
226,0.480490774,"mat_lingue_87,cul_prad_lingue_87,dis_comunidades_lingue,dis_urbano_lingue,dis_caminos_lingue,dis_plant87_lingue,predios_lingue1",1030.319493,1135.988787,-105.6692941,1122.878679,1014.319493,108.559186,0.096679355,0.680889803,0.714493876,0.70533619,0.819268408
227,0.493725676,"dis_urbano_lingue,dis_caminos_lingue,dis_hid_lingue,pen_lingue15,dis_plant87_lingue,predios_lingue1",1030.454486,1135.988787,-105.5343016,1122.878679,1016.454486,106.4241936,0.094777998,0.699534597,0.702842929,0.7285226,0.885576964
228,0.47985959,"mat_lingue_87,cul_prad_lingue_87,dis_comunidades_lingue,dis_urbano_lingue,dis_plant87_lingue,predios_lingue1",1030.545153,1135.988787,-105.4436345,1122.878679,1016.545153,106.3335264,0.094697253,0.67885839,0.711524744,0.707733905,0.814474207
229,0.496612084,"dis_comunidades_lingue,dis_urbano_lingue,pen_lingue15,dis_plant87_lingue,predios_lingue1",1030.649318,1135.988787,-105.3394696,1122.878679,1018.649318,104.2293616,0.092823351,0.698977202,0.702117412,0.730308132,0.880261186
230,0.482512338,"bn_lingue_87,mat_lingue_87,cul_prad_lingue_87,dis_comunidades_lingue,dis_urbano_lingue,predios_lingue1",1030.764503,1135.988787,-105.2242847,1122.878679,1016.764503,106.1141766,0.094501907,0.680201126,0.710043226,0.704928069,0.763253312
231,0.4900329,"mat_lingue_87,dis_urbano_lingue,pen_lingue15",1030.775577,1135.988787,-105.2132107,1133.988787,1022.775577,111.2132107,0.098072584,0.697319862,0.707336757,0.7193,0.867135695
232,0.490640085,"dis_urbano_lingue,dis_hid_lingue,pen_lingue15,dis_plant87_lingue,predios_lingue1",1031.04745,1135.988787,-104.9413374,1122.878679,1019.04745,103.8312293,0.092468787,0.697767243,0.700111571,0.729211305,0.882100491
233,0.480338688,"mat_lingue_87,cul_prad_lingue_87,dis_comunidades_lingue,dis_urbano_lingue,dis_hid_lingue,dis_plant87_lingue,predios_lingue1",1031.197108,1135.988787,-104.7916796,1122.878679,1015.197108,107.6815716,0.095897779,0.679305646,0.711555228,0.709570452,0.81651867
234,0.479735259,"bn_lingue_87,mat_lingue_87,cul_prad_lingue_87,dis_comunidades_lingue,dis_urbano_lingue,dis_hid_lingue,predios_lingue1",1031.283597,1135.988787,-104.7051906,1122.878679,1015.283597,107.5950826,0.095820755,0.680502882,0.710421227,0.707096215,0.761134737
235,0.4739152,"mat_lingue_87,cul_prad_lingue_87,dis_urbano_lingue,dis_caminos_lingue,predios_lingue1",1031.29106,1135.988787,-104.6977269,1122.878679,1019.29106,103.5876189,0.092251835,0.674426377,0.703781833,0.688781757,0.818677161
236,0.480748931,"bn_lingue_87,mat_lingue_87,cul_prad_lingue_87,dis_comunidades_lingue,dis_urbano_lingue,dis_caminos_lingue,dis_hid_lingue,predios_lingue1",1031.403482,1135.988787,-104.5853051,1122.878679,1013.403482,109.4751971,0.097495125,0.680892754,0.713640327,0.701663096,0.763732418
237,0.48536945,"mat_lingue_87,dis_urbano_lingue,dis_caminos_lingue,dis_hid_lingue,pen_lingue15",1031.565752,1135.988787,-104.4230349,1133.988787,1019.565752,114.4230349,0.100903145,0.698865921,0.711096897,0.7198,0.873379827
238,0.479597139,"mat_lingue_87,cul_prad_lingue_87,dis_comunidades_lingue,dis_urbano_lingue,dis_caminos_lingue,dis_hid_lingue,dis_plant87_lingue,predios_lingue1",1031.582155,1135.988787,-104.4066327,1122.878679,1013.582155,109.2965247,0.097336005,0.680748117,0.713908585,0.706764616,0.820115536
239,0.488465848,"mat_lingue_87,dis_comunidades_lingue,dis_urbano_lingue,dis_caminos_lingue,pen_lingue15",1031.60585,1135.988787,-104.3829374,1133.988787,1019.60585,114.3829374,0.100867785,0.7001403,0.712776705,0.72,0.871167044
240,0.470574229,"bn_lingue_87,mat_lingue_87,cul_prad_lingue_87,dis_urbano_lingue,dis_caminos_lingue,predios_lingue1",1031.716346,1135.988787,-104.2724418,1122.878679,1017.716346,105.1623337,0.093654226,0.67217722,0.703647704,0.682710948,0.754355803
241,0.479518882,"bn_lingue_87,mat_lingue_87,cul_prad_lingue_87,dis_comunidades_lingue,dis_urbano_lingue,dis_caminos_lingue,dis_plant87_lingue,predios_lingue1",1031.768727,1135.988787,-104.2200599,1122.878679,1013.768727,109.1099519,0.097169849,0.679047782,0.713902488,0.700183655,0.776671053
242,0.487795263,"mat_lingue_87,dis_urbano_lingue,dis_hid_lingue,pen_lingue15",1031.894196,1135.988787,-104.0945917,1133.988787,1021.894196,112.0945917,0.098849824,0.697025341,0.707175352,0.72015,0.867462612
243,0.496875895,"mat_lingue_87,dis_comunidades_lingue,dis_urbano_lingue,pen_lingue15",1031.912174,1135.988787,-104.0766132,1133.988787,1021.912174,112.0766132,0.098833969,0.698615178,0.709817612,0.721525,0.863938917
244,0.48605178,"mat_lingue_87,dis_urbano_lingue,dis_caminos_lingue,pen_lingue15,dis_plant87_lingue",1031.944147,1135.988787,-104.0446406,1133.988787,1019.944147,114.0446406,0.100569461,0.69964944,0.710756153,0.7185,0.873742448
245,0.489575502,"bn_lingue_87,dis_comunidades_lingue,dis_hid_lingue,pen_lingue15,predios_lingue1",1031.95409,1135.988787,-104.0346977,1122.878679,1019.95409,102.9245897,0.091661362,0.690115803,0.704531737,0.739031731,0.939943769
246,0.485392648,"mat_lingue_87,cul_prad_lingue_87,dis_comunidades_lingue,dis_hid_lingue,pen_lingue15,predios_lingue1",1032.028723,1135.988787,-103.9600642,1122.878679,1018.028723,104.8499562,0.093376033,0.684463495,0.702873413,0.728956229,0.809943653
247,0.478548265,"bn_lingue_87,mat_lingue_87,cul_prad_lingue_87,dis_comunidades_lingue,dis_urbano_lingue,dis_plant87_lingue,predios_lingue1",1032.049219,1135.988787,-103.9395685,1122.878679,1016.049219,106.8294604,0.095138916,0.67731011,0.710579743,0.704545455,0.776838005
248,0.49626362,"dis_comunidades_lingue,dis_urbano_lingue,dis_caminos_lingue,dis_hid_lingue,pen_lingue15,dis_plant87_lingue,predios_lingue1",1032.150259,1135.988787,-103.8385279,1122.878679,1016.150259,106.7284199,0.095048933,0.699836914,0.704513446,0.729287828,0.88447008
249,0.494871384,"dis_comunidades_lingue,dis_urbano_lingue,dis_hid_lingue,pen_lingue15,dis_plant87_lingue,predios_lingue1",1032.213541,1135.988787,-103.7752459,1122.878679,1018.213541,104.6651379,0.093211439,0.698994752,0.702794154,0.730129579,0.880797769
250,0.478185187,"bn_lingue_87,mat_lingue_87,cul_prad_lingue_87,dis_comunidades_lingue,dis_urbano_lingue,dis_hid_lingue,dis_plant87_lingue,predios_lingue1",1032.586328,1135.988787,-103.4024595,1122.878679,1014.586328,108.2923515,0.09644172,0.677292535,0.710884582,0.705667789,0.774459411
251,0.488759419,"mat_lingue_87,dis_urbano_lingue,pen_lingue15,dis_plant87_lingue",1032.737995,1135.988787,-103.2507922,1133.988787,1022.737995,111.2507922,0.098105725,0.696732887,0.706996013,0.718275,0.87014297
252,0.484604314,"bn_lingue_87,dis_comunidades_lingue,dis_hid_lingue,pen_lingue15,dis_plant87_lingue,predios_lingue1",1032.771765,1135.988787,-103.2170226,1122.878679,1018.771765,104.1069146,0.092714303,0.686232806,0.704434188,0.735460667,0.954488054
253,0.475978385,"mat_lingue_87,cul_prad_lingue_87,dis_urbano_lingue,dis_caminos_lingue,dis_hid_lingue,predios_lingue1",1032.815901,1135.988787,-103.172886,1122.878679,1018.815901,104.062778,0.092674997,0.674639443,0.703739155,0.690592797,0.819313778
254,0.478975916,"mat_lingue_87,cul_prad_lingue_87,dis_comunidades_lingue,dis_hid_lingue,pen_lingue15,dis_plant87_lingue,predios_lingue1",1032.916833,1135.988787,-103.0719543,1122.878679,1016.916833,105.9618463,0.094366247,0.680662752,0.703062413,0.726430976,0.827153737
255,0.478957517,"bn_lingue_87,mat_lingue_87,cul_prad_lingue_87,dis_comunidades_lingue,dis_urbano_lingue,dis_caminos_lingue,dis_hid_lingue,dis_plant87_lingue,predios_lingue1",1032.94615,1135.988787,-103.0426378,1122.878679,1012.94615,109.9325298,0.097902411,0.678572779,0.713426939,0.701943679,0.775446728
256,0.474029416,"mat_lingue_87,cul_prad_lingue_87,dis_urbano_lingue,dis_caminos_lingue,dis_plant87_lingue,predios_lingue1",1033.023798,1135.988787,-102.964989,1122.878679,1019.023798,103.854881,0.09248985,0.672674631,0.703434316,0.688807265,0.826570363
257,0.491565827,"mat_lingue_87,dis_comunidades_lingue,dis_urbano_lingue,dis_hid_lingue,pen_lingue15",1033.024098,1135.988787,-102.9646893,1133.988787,1021.024098,112.9646893,0.099617113,0.69845083,0.710248026,0.72415,0.864151484
258,0.469488152,"bn_lingue_87,mat_lingue_87,cul_prad_lingue_87,dis_urbano_lingue,dis_caminos_lingue,dis_hid_lingue,predios_lingue1",1033.089923,1135.988787,-102.8988648,1122.878679,1017.089923,105.7887568,0.094212099,0.672017031,0.704342737,0.684521988,0.752797145
259,0.49518159,"dis_urbano_lingue,dis_caminos_lingue,pen_lingue15",1033.155753,1135.988787,-102.8330341,1133.988787,1025.155753,108.8330341,0.095973642,0.701595347,0.703797801,0.724975,0.889470156
260,0.487753372,"mat_lingue_87,dis_comunidades_lingue,dis_urbano_lingue,dis_caminos_lingue,dis_hid_lingue,pen_lingue15",1033.19198,1135.988787,-102.7968073,1133.988787,1019.19198,114.7968073,0.101232753,0.699451726,0.712633234,0.720475,0.870729938
261,0.494678745,"bn_lingue_87,cul_prad_lingue_87,dis_comunidades_lingue,dis_hid_lingue,pen_lingue15,predios_lingue1",1033.219884,1135.988787,-102.768903,1122.878679,1019.219884,103.658795,0.092315222,0.691835648,0.705366996,0.739720437,0.925391176
262,0.471229376,"bn_lingue_87,mat_lingue_87,cul_prad_lingue_87,dis_urbano_lingue,dis_caminos_lingue,dis_plant87_lingue,predios_lingue1",1033.504667,1135.988787,-102.4841204,1122.878679,1017.504667,105.3740123,0.09384274,0.670511367,0.703659897,0.682812978,0.761402549
263,0.469928751,"mat_lingue_87,cul_prad_lingue_87,dis_urbano_lingue,predios_lingue1",1033.509233,1135.988787,-102.4795542,1122.878679,1023.509233,99.36944616,0.088495265,0.670749355,0.698044763,0.690184675,0.811552737
264,0.486804463,"bn_lingue_87,mat_lingue_87,cul_prad_lingue_87,dis_comunidades_lingue,dis_hid_lingue,pen_lingue15,predios_lingue1",1033.532912,1135.988787,-102.455875,1122.878679,1017.532912,105.345767,0.093817586,0.687278115,0.705049963,0.732017141,0.853327348
265,0.485350891,"mat_lingue_87,dis_urbano_lingue,dis_caminos_lingue,dis_hid_lingue,pen_lingue15,dis_plant87_lingue",1033.565193,1135.988787,-102.4235944,1133.988787,1019.565193,114.4235944,0.100903638,0.698775531,0.711007227,0.719575,0.87374823
266,0.488014068,"mat_lingue_87,dis_comunidades_lingue,dis_urbano_lingue,dis_caminos_lingue,pen_lingue15,dis_plant87_lingue",1033.601258,1135.988787,-102.3875294,1133.988787,1019.601258,114.3875294,0.100871835,0.699890339,0.712621278,0.72,0.872218192
267,0.465353979,"bn_lingue_87,mat_lingue_87,cul_prad_lingue_87,dis_urbano_lingue,predios_lingue1",1033.774636,1135.988787,-102.2141511,1122.878679,1021.774636,101.1040431,0.090040042,0.668491587,0.698648344,0.684139374,0.749212723
268,0.4883587,"bn_lingue_87,dis_comunidades_lingue,dis_caminos_lingue,dis_hid_lingue,pen_lingue15,predios_lingue1",1033.792547,1135.988787,-102.1962407,1122.878679,1019.792547,103.0861327,0.091805228,0.689569371,0.703922059,0.737577798,0.942119644
269,0.486088932,"bn_lingue_87,dis_comunidades_lingue,pen_lingue15,predios_lingue1",1033.811345,1135.988787,-102.1774423,1122.878679,1023.811345,99.06733428,0.088226214,0.691203302,0.704300059,0.735715743,0.939602836
270,0.495948259,"mat_lingue_87,dis_comunidades_lingue,dis_urbano_lingue,pen_lingue15,dis_plant87_lingue",1033.842059,1135.988787,-102.1467282,1133.988787,1021.842059,112.1467282,0.0988958,0.697814691,0.709990973,0.7203,0.868053297
271,0.48648843,"mat_lingue_87,dis_urbano_lingue,dis_hid_lingue,pen_lingue15,dis_plant87_lingue",1033.855741,1135.988787,-102.1330461,1133.988787,1021.855741,112.1330461,0.098883734,0.696254409,0.706804718,0.718775,0.870664508
272,0.484724828,"mat_lingue_87,cul_prad_lingue_87,dis_comunidades_lingue,dis_caminos_lingue,dis_hid_lingue,pen_lingue15,predios_lingue1",1033.912004,1135.988787,-102.0767834,1122.878679,1017.912004,104.9666754,0.093479979,0.684076382,0.702416154,0.72724722,0.81136376
273,0.489360902,"bn_lingue_87,mat_lingue_87,dis_comunidades_lingue,dis_hid_lingue,pen_lingue15,predios_lingue1",1033.951364,1135.988787,-102.0374236,1122.878679,1019.951364,102.9273156,0.09166379,0.689910131,0.704391511,0.738853178,0.939241983
274,0.487288069,"bn_lingue_87,cul_prad_lingue_87,dis_comunidades_lingue,dis_hid_lingue,pen_lingue15,dis_plant87_lingue,predios_lingue1",1034.05399,1135.988787,-101.934797,1122.878679,1018.05399,104.824689,0.09335353,0.687817152,0.705507222,0.737679829,0.942998515
275,0.492703537,"dis_urbano_lingue,pen_lingue15",1034.164313,1135.988787,-101.8244748,1133.988787,1028.164313,105.8244748,0.093320565,0.700284795,0.701191408,0.725875,0.882364615
276,0.489132375,"bn_lingue_87,dis_comunidades_lingue,dis_urbano_lingue,dis_caminos_lingue,predios_lingue1",1034.297753,1135.988787,-101.6910344,1122.878679,1022.297753,100.5809263,0.089574171,0.687256369,0.707775224,0.712121212,0.92452399
277,0.471315863,"mat_lingue_87,cul_prad_lingue_87,dis_urbano_lingue,dis_hid_lingue,predios_lingue1",1034.323079,1135.988787,-101.6657081,1122.878679,1022.323079,100.5556001,0.089551616,0.671831324,0.699038538,0.692556882,0.813106344
278,0.480698215,"bn_lingue_87,mat_lingue_87,cul_prad_lingue_87,dis_comunidades_lingue,dis_hid_lingue,pen_lingue15,dis_plant87_lingue,predios_lingue1",1034.356977,1135.988787,-101.6318103,1122.878679,1016.356977,106.5217022,0.094864836,0.683448339,0.705177996,0.730027548,0.87403597
279,0.464870992,"bn_lingue_87,mat_lingue_87,cul_prad_lingue_87,dis_urbano_lingue,dis_hid_lingue,predios_lingue1",1034.369742,1135.988787,-101.6190455,1122.878679,1020.369742,102.5089375,0.091291196,0.66927198,0.700203023,0.685618814,0.747149275
280,0.488820012,"bn_lingue_87,mat_lingue_87,dis_comunidades_lingue,dis_urbano_lingue,dis_caminos_lingue,predios_lingue1",1034.497797,1135.988787,-101.4909903,1122.878679,1020.497797,102.3808823,0.091177154,0.684618468,0.709457935,0.706407509,0.901863606
281,0.476303715,"mat_lingue_87,cul_prad_lingue_87,dis_urbano_lingue,dis_caminos_lingue,dis_hid_lingue,dis_plant87_lingue,predios_lingue1",1034.538204,1135.988787,-101.4505834,1122.878679,1018.538204,104.3404754,0.092922305,0.672816601,0.703251413,0.689240894,0.82727782
282,0.482604778,"bn_lingue_87,dis_comunidades_lingue,pen_lingue15,dis_plant87_lingue,predios_lingue1",1034.591901,1135.988787,-101.3968867,1122.878679,1022.591901,100.2867787,0.089312212,0.686473137,0.703714768,0.732323232,0.955497471
283,0.484256785,"bn_lingue_87,dis_comunidades_lingue,dis_caminos_lingue,dis_hid_lingue,pen_lingue15,dis_plant87_lingue,predios_lingue1",1034.68479,1135.988787,-101.3039977,1122.878679,1018.68479,104.1938897,0.092791761,0.686006107,0.703989123,0.73479747,0.955133846
284,0.486386212,"bn_lingue_87,mat_lingue_87,dis_comunidades_lingue,dis_urbano_lingue,predios_lingue1",1034.694555,1135.988787,-101.2942323,1122.878679,1022.694555,100.1841242,0.089220791,0.682471283,0.704568317,0.708932762,0.890560778
285,0.488792045,"bn_lingue_87,dis_comunidades_lingue,dis_urbano_lingue,predios_lingue1",1034.719355,1135.988787,-101.2694326,1122.878679,1024.719355,98.15932456,0.087417569,0.685350807,0.70342822,0.713013978,0.911817718
286,0.484418945,"bn_lingue_87,mat_lingue_87,dis_comunidades_lingue,dis_hid_lingue,pen_lingue15,dis_plant87_lingue,predios_lingue1",1034.768367,1135.988787,-101.2204206,1122.878679,1018.768367,104.1103125,0.092717329,0.686030247,0.704464672,0.735409652,0.953934092
287,0.49773864,"dis_comunidades_lingue,dis_urbano_lingue,dis_caminos_lingue,pen_lingue15",1034.81329,1135.988787,-101.1754975,1133.988787,1024.81329,109.1754975,0.096275641,0.702351243,0.705830309,0.72525,0.887104625
288,0.478539071,"mat_lingue_87,cul_prad_lingue_87,dis_comunidades_lingue,dis_caminos_lingue,dis_hid_lingue,pen_lingue15,dis_plant87_lingue,predios_lingue1",1034.859723,1135.988787,-101.1290639,1122.878679,1016.859723,106.0189559,0.094417107,0.680498851,0.702751477,0.725665748,0.827629077
289,0.469737944,"bn_lingue_87,mat_lingue_87,cul_prad_lingue_87,dis_urbano_lingue,dis_caminos_lingue,dis_hid_lingue,dis_plant87_lingue,predios_lingue1",1034.86993,1135.988787,-101.118857,1122.878679,1016.86993,106.0087489,0.094408017,0.670319634,0.703800123,0.683195592,0.759893588
290,0.493627152,"dis_urbano_lingue,dis_caminos_lingue,dis_hid_lingue,pen_lingue15",1034.9061,1135.988787,-101.082687,1133.988787,1024.9061,109.082687,0.096193797,0.700863924,0.703247829,0.724525,0.889294172
291,0.491589219,"mat_lingue_87,dis_comunidades_lingue,dis_urbano_lingue,dis_hid_lingue,pen_lingue15,dis_plant87_lingue",1034.952206,1135.988787,-101.0365813,1133.988787,1020.952206,113.0365813,0.099680511,0.697410056,0.70985348,0.72245,0.868706441
292,0.47026051,"mat_lingue_87,cul_prad_lingue_87,dis_urbano_lingue,dis_plant87_lingue,predios_lingue1",1034.983088,1135.988787,-101.0056993,1122.878679,1022.983088,99.89559123,0.088963833,0.668228113,0.698252053,0.688271605,0.822664271
293,0.493383244,"bn_lingue_87,cul_prad_lingue_87,dis_comunidades_lingue,dis_caminos_lingue,dis_hid_lingue,pen_lingue15,predios_lingue1",1035.018366,1135.988787,-100.9704214,1122.878679,1019.018366,103.8603134,0.092494688,0.691285553,0.704300059,0.738572595,0.928055442
294,0.484984465,"mat_lingue_87,cul_prad_lingue_87,dis_comunidades_lingue,pen_lingue15,predios_lingue1",1035.085814,1135.988787,-100.9029738,1122.878679,1023.085814,99.79286571,0.088872349,0.685689281,0.700550539,0.726124885,0.810499139
295,0.495778865,"dis_urbano_lingue,dis_caminos_lingue,pen_lingue15,dis_plant87_lingue",1035.132851,1135.988787,-100.8559364,1133.988787,1025.132851,108.8559364,0.095993838,0.702166468,0.704001052,0.7257,0.887115557
296,0.487139234,"mat_lingue_87,dis_comunidades_lingue,dis_urbano_lingue,dis_caminos_lingue,dis_hid_lingue,pen_lingue15,dis_plant87_lingue",1035.184226,1135.988787,-100.8045618,1133.988787,1019.184226,114.8045618,0.101239592,0.699109122,0.71235227,0.72045,0.872101969
297,0.49122906,"bn_lingue_87,cul_prad_lingue_87,dis_comunidades_lingue,pen_lingue15,predios_lingue1",1035.248744,1135.988787,-100.7400436,1122.878679,1023.248744,99.62993552,0.088727248,0.692498794,0.704025704,0.738547087,0.923328359
298,0.498507933,"dis_comunidades_lingue,dis_urbano_lingue,pen_lingue15",1035.275148,1135.988787,-100.7136393,1133.988787,1027.275148,106.7136393,0.094104669,0.701882506,0.703546727,0.727225,0.879694269
299,0.485355531,"bn_lingue_87,dis_comunidades_lingue,dis_caminos_lingue,pen_lingue15,predios_lingue1",1035.307839,1135.988787,-100.6809482,1122.878679,1023.307839,99.57084015,0.08867462,0.690123386,0.70272709,0.734185287,0.94297201
300,0.466162678,"bn_lingue_87,mat_lingue_87,cul_prad_lingue_87,dis_urbano_lingue,dis_plant87_lingue,predios_lingue1",1035.339504,1135.988787,-100.6492833,1122.878679,1021.339504,101.5391752,0.090427557,0.666098948,0.69861786,0.682302826,0.758933584
301,0.486028562,"bn_lingue_87,mat_lingue_87,cul_prad_lingue_87,dis_comunidades_lingue,dis_caminos_lingue,dis_hid_lingue,pen_lingue15,predios_lingue1",1035.387341,1135.988787,-100.6014461,1122.878679,1017.387341,105.4913381,0.093947227,0.686894426,0.704031801,0.730818284,0.856175796
302,0.489155691,"dis_urbano_lingue,dis_hid_lingue,pen_lingue15",1035.465189,1135.988787,-100.5235988,1133.988787,1027.465189,106.5235988,0.093937083,0.700274343,0.701203364,0.72615,0.882848044
303,0.483469656,"mat_lingue_87,cul_prad_lingue_87,dis_comunidades_lingue,dis_urbano_lingue,dis_caminos_lingue",1035.510435,1135.988787,-100.4783527,1133.988787,1023.510435,110.4783527,0.097424555,0.684919153,0.715466789,0.702125,0.806087204
304,0.49171087,"bn_lingue_87,mat_lingue_87,dis_comunidades_lingue,dis_urbano_lingue,dis_hid_lingue,predios_lingue1",1035.740283,1135.988787,-100.2485041,1122.878679,1021.740283,101.138396,0.090070635,0.683824991,0.706013254,0.712580349,0.893428892
305,0.489598832,"bn_lingue_87,dis_comunidades_lingue,dis_urbano_lingue,dis_hid_lingue,predios_lingue1",1035.773608,1135.988787,-100.2151793,1122.878679,1023.773608,99.10507123,0.088259821,0.686509362,0.70486706,0.716483012,0.914339122
306,0.487334586,"bn_lingue_87,dis_comunidades_lingue,dis_urbano_lingue,dis_caminos_lingue,dis_plant87_lingue,predios_lingue1",1035.785408,1135.988787,-100.2033798,1122.878679,1021.785408,101.0932717,0.090030449,0.684590137,0.708025192,0.711815121,0.937748778
307,0.488172393,"bn_lingue_87,mat_lingue_87,dis_comunidades_lingue,dis_caminos_lingue,dis_hid_lingue,pen_lingue15,predios_lingue1",1035.792057,1135.988787,-100.1967309,1122.878679,1019.792057,103.0866228,0.091805664,0.689486504,0.703909865,0.73745026,0.941864069
308,0.471170207,"mat_lingue_87,cul_prad_lingue_87,dis_urbano_lingue,dis_hid_lingue,dis_plant87_lingue,predios_lingue1",1035.809288,1135.988787,-100.1794997,1122.878679,1021.809288,101.0693916,0.090009182,0.669052878,0.699300699,0.690694827,0.824324056
309,0.486088932,"bn_lingue_87,mat_lingue_87,dis_comunidades_lingue,pen_lingue15,predios_lingue1",1035.81134,1135.988787,-100.1774474,1122.878679,1023.81134,99.06733935,0.088226218,0.691213809,0.704324446,0.735741251,0.939638571
310,0.489860176,"bn_lingue_87,dis_comunidades_lingue,dis_urbano_lingue,dis_caminos_lingue,dis_hid_lingue,predios_lingue1",1035.87644,1135.988787,-100.1123473,1122.878679,1021.87644,101.0022392,0.089949378,0.687213989,0.707305772,0.713677176,0.925055503
311,0.485234914,"bn_lingue_87,dis_comunidades_lingue,dis_urbano_lingue,dis_plant87_lingue,predios_lingue1",1035.913207,1135.988787,-100.0755802,1122.878679,1023.913207,98.96547217,0.088135499,0.682405575,0.704842673,0.713269054,0.928501617
312,0.483030154,"bn_lingue_87,mat_lingue_87,dis_comunidades_lingue,dis_urbano_lingue,dis_plant87_lingue,predios_lingue1",1035.919832,1135.988787,-100.0689553,1122.878679,1021.919832,100.9588472,0.089910735,0.67990034,0.705409673,0.708907254,0.908045032
313,0.486493076,"bn_lingue_87,cul_prad_lingue_87,dis_comunidades_lingue,dis_caminos_lingue,dis_hid_lingue,pen_lingue15,dis_plant87_lingue,predios_lingue1",1035.936285,1135.988787,-100.0525029,1122.878679,1017.936285,104.9423948,0.093458356,0.68757656,0.70469635,0.737271707,0.944025379
314,0.464861968,"bn_lingue_87,mat_lingue_87,cul_prad_lingue_87,dis_urbano_lingue,dis_hid_lingue,dis_plant87_lingue,predios_lingue1",1035.951125,1135.988787,-100.0376625,1122.878679,1019.951125,102.9275545,0.091664003,0.6666033,0.699892087,0.683501684,0.756908027
315,0.480615231,"mat_lingue_87,cul_prad_lingue_87,dis_comunidades_lingue,pen_lingue15,dis_plant87_lingue,predios_lingue1",1035.957821,1135.988787,-100.0309665,1122.878679,1021.957821,100.9208584,0.089876903,0.680993237,0.700251797,0.723395572,0.827681155
316,0.486191109,"bn_lingue_87,mat_lingue_87,dis_comunidades_lingue,dis_urbano_lingue,dis_caminos_lingue,dis_plant87_lingue,predios_lingue1",1035.999353,1135.988787,-99.98943481,1122.878679,1019.999353,102.8793268,0.091621053,0.682393289,0.709073838,0.707274768,0.916046735
317,0.486251492,"bn_lingue_87,cul_prad_lingue_87,dis_comunidades_lingue,pen_lingue15,dis_plant87_lingue,predios_lingue1",1036.041789,1135.988787,-99.94699859,1122.878679,1022.041789,100.8368905,0.089802124,0.687776289,0.703745252,0.73543516,0.943922533
318,0.491439522,"bn_lingue_87,mat_lingue_87,dis_comunidades_lingue,dis_urbano_lingue,dis_caminos_lingue,dis_hid_lingue,predios_lingue1",1036.047778,1135.988787,-99.94100965,1122.878679,1020.047778,102.8309016,0.091577927,0.684815857,0.709329903,0.707937966,0.902419575
319,0.488284172,"bn_lingue_87,cul_prad_lingue_87,dis_comunidades_lingue,dis_urbano_lingue,dis_caminos_lingue,predios_lingue1",1036.144535,1135.988787,-99.84425216,1122.878679,1022.144535,100.7341441,0.089710621,0.687447761,0.707500869,0.713575145,0.917206996
320,0.492684795,"dis_urbano_lingue,pen_lingue15,dis_plant87_lingue",1036.162984,1135.988787,-99.8258035,1133.988787,1028.162984,105.8258035,0.093321737,0.700172597,0.701095761,0.725675,0.882885516
321,0.486270073,"bn_lingue_87,mat_lingue_87,cul_prad_lingue_87,dis_comunidades_lingue,pen_lingue15,predios_lingue1",1036.166529,1135.988787,-99.82225838,1122.878679,1022.166529,100.7121503,0.089691034,0.688571716,0.702958767,0.732017141,0.863156709
322,0.4818194,"mat_lingue_87,cul_prad_lingue_87,dis_comunidades_lingue,dis_urbano_lingue",1036.23031,1135.988787,-99.75847744,1133.988787,1026.23031,107.7584774,0.095026052,0.683508925,0.711455575,0.7057,0.798289375
323,0.482891417,"bn_lingue_87,dis_comunidades_lingue,dis_caminos_lingue,pen_lingue15,dis_plant87_lingue,predios_lingue1",1036.23114,1135.988787,-99.7576478,1122.878679,1022.23114,100.6475397,0.089633494,0.686128182,0.702342993,0.732170187,0.956099903
324,0.480518429,"bn_lingue_87,mat_lingue_87,cul_prad_lingue_87,dis_comunidades_lingue,dis_caminos_lingue,dis_hid_lingue,pen_lingue15,dis_plant87_lingue,predios_lingue1",1036.280382,1135.988787,-99.70840587,1122.878679,1016.280382,106.5982978,0.09493305,0.683312696,0.70469635,0.729746965,0.875868701
325,0.49618359,"dis_comunidades_lingue,dis_urbano_lingue,dis_caminos_lingue,dis_hid_lingue,pen_lingue15",1036.533949,1135.988787,-99.45483852,1133.988787,1024.533949,109.4548385,0.096521976,0.701597237,0.705226535,0.72485,0.88691753
326,0.495463708,"dis_comunidades_lingue,dis_urbano_lingue,dis_hid_lingue,pen_lingue15",1036.567649,1135.988787,-99.42113865,1133.988787,1026.567649,107.4211387,0.094728572,0.701909317,0.70406681,0.7278,0.879955685
327,0.482595534,"bn_lingue_87,mat_lingue_87,dis_comunidades_lingue,pen_lingue15,dis_plant87_lingue,predios_lingue1",1036.591889,1135.988787,-99.39689886,1122.878679,1022.591889,100.2867908,0.089312223,0.686459204,0.703690381,0.732297725,0.955470107
328,0.484446747,"mat_lingue_87,cul_prad_lingue_87,dis_comunidades_lingue,dis_caminos_lingue,pen_lingue15,predios_lingue1",1036.619841,1135.988787,-99.36894668,1122.878679,1022.619841,100.2588386,0.089287329,0.68477415,0.699001957,0.724492399,0.812584865
329,0.4880001,"bn_lingue_87,cul_prad_lingue_87,dis_comunidades_lingue,dis_urbano_lingue,predios_lingue1",1036.636378,1135.988787,-99.35240932,1122.878679,1024.636378,98.24230127,0.087491466,0.685668891,0.70382451,0.713728191,0.906398637
330,0.491734267,"bn_lingue_87,cul_prad_lingue_87,dis_comunidades_lingue,dis_caminos_lingue,pen_lingue15,predios_lingue1",1036.675222,1135.988787,-99.31356562,1122.878679,1022.675222,100.2034576,0.089238009,0.691441902,0.702586864,0.737705336,0.927899315
331,0.484034453,"bn_lingue_87,mat_lingue_87,dis_comunidades_lingue,dis_caminos_lingue,dis_hid_lingue,pen_lingue15,dis_plant87_lingue,predios_lingue1",1036.68349,1135.988787,-99.30529698,1122.878679,1018.68349,104.1951889,0.092792918,0.68588445,0.703946446,0.734848485,0.954836791
332,0.481981027,"bn_lingue_87,mat_lingue_87,cul_prad_lingue_87,dis_comunidades_lingue,dis_urbano_lingue,dis_caminos_lingue",1036.703116,1135.988787,-99.28567153,1133.988787,1022.703116,111.2856715,0.098136483,0.682874407,0.715018442,0.6976,0.760299815
333,0.482304388,"mat_lingue_87,cul_prad_lingue_87,dis_comunidades_lingue,dis_urbano_lingue,dis_caminos_lingue,dis_hid_lingue",1036.74293,1135.988787,-99.24585789,1133.988787,1022.74293,111.2458579,0.098101374,0.68466687,0.715078222,0.703825,0.806379382
334,0.480440075,"mat_lingue_87,cul_prad_lingue_87,dis_comunidades_lingue,dis_urbano_lingue,dis_hid_lingue",1036.759514,1135.988787,-99.22927339,1133.988787,1024.759514,109.2292734,0.096323063,0.683970583,0.711951746,0.708975,0.799231744
335,0.497781095,"dis_comunidades_lingue,dis_urbano_lingue,dis_caminos_lingue,pen_lingue15,dis_plant87_lingue",1036.80496,1135.988787,-99.18382742,1133.988787,1024.80496,109.1838274,0.096282987,0.702706244,0.705734662,0.7257,0.885681588
336,0.494204406,"dis_urbano_lingue,dis_caminos_lingue,dis_hid_lingue,pen_lingue15,dis_plant87_lingue",1036.886442,1135.988787,-99.10234588,1133.988787,1024.886442,109.1023459,0.096211133,0.70141813,0.703600528,0.72525,0.887173179
337,0.483136536,"bn_lingue_87,mat_lingue_87,cul_prad_lingue_87,dis_comunidades_lingue,pen_lingue15,dis_plant87_lingue,predios_lingue1",1036.951831,1135.988787,-99.03695652,1122.878679,1020.951831,101.9268485,0.090772806,0.684078849,0.70310509,0.729491889,0.883010432
338,0.480878044,"mat_lingue_87,cul_prad_lingue_87,dis_comunidades_lingue,dis_urbano_lingue,dis_caminos_lingue,dis_plant87_lingue",1036.971072,1135.988787,-99.01771578,1133.988787,1022.971072,111.0177158,0.097900188,0.682477911,0.715371142,0.702725,0.81788843
339,0.487813882,"bn_lingue_87,mat_lingue_87,dis_comunidades_lingue,dis_urbano_lingue,dis_hid_lingue,dis_plant87_lingue,predios_lingue1",1036.976769,1135.988787,-99.01201827,1122.878679,1020.976769,101.9019102,0.090750597,0.68067517,0.706062029,0.710616264,0.910180245
340,0.486297945,"bn_lingue_87,dis_comunidades_lingue,dis_urbano_lingue,dis_hid_lingue,dis_plant87_lingue,predios_lingue1",1036.978864,1135.988787,-99.00992343,1122.878679,1022.978864,99.89981537,0.088967595,0.683095029,0.705647448,0.715284155,0.930873638
341,0.498640161,"dis_comunidades_lingue,dis_urbano_lingue,pen_lingue15,dis_plant87_lingue",1037.263102,1135.988787,-98.72568519,1133.988787,1027.263102,106.7256852,0.094115291,0.701528729,0.703564661,0.72665,0.881307261
342,0.485731425,"bn_lingue_87,mat_lingue_87,dis_comunidades_lingue,dis_caminos_lingue,pen_lingue15,predios_lingue1",1037.305061,1135.988787,-98.68372594,1122.878679,1023.305061,99.57361789,0.088677094,0.690351482,0.702885606,0.734516886,0.94365035
343,0.48710203,"bn_lingue_87,dis_comunidades_lingue,dis_urbano_lingue,dis_caminos_lingue,dis_hid_lingue,dis_plant87_lingue,predios_lingue1",1037.344422,1135.988787,-98.64436525,1122.878679,1021.344422,101.5342572,0.090423177,0.684530737,0.707714256,0.713677176,0.938089069
344,0.478764359,"mat_lingue_87,cul_prad_lingue_87,dis_comunidades_lingue,dis_urbano_lingue,dis_plant87_lingue",1037.372182,1135.988787,-98.61660545,1133.988787,1025.372182,108.6166054,0.095782786,0.68035989,0.711987614,0.704875,0.813198097
345,0.480633671,"bn_lingue_87,mat_lingue_87,cul_prad_lingue_87,dis_comunidades_lingue,dis_urbano_lingue",1037.449984,1135.988787,-98.53880359,1133.988787,1025.449984,108.5388036,0.095714177,0.681521952,0.710594748,0.699925,0.757406227
346,0.489048444,"dis_urbano_lingue,dis_hid_lingue,pen_lingue15,dis_plant87_lingue",1037.463855,1135.988787,-98.524932,1133.988787,1027.463855,106.524932,0.093938259,0.70013083,0.701149563,0.725925,0.883465582
347,0.488573012,"bn_lingue_87,mat_lingue_87,dis_comunidades_lingue,dis_urbano_lingue,dis_caminos_lingue,dis_hid_lingue,dis_plant87_lingue,predios_lingue1",1037.529102,1135.988787,-98.45968565,1122.878679,1019.529102,103.3495776,0.092039843,0.682450746,0.708854354,0.707963473,0.916656909
348,0.486883493,"bn_lingue_87,cul_prad_lingue_87,dis_comunidades_lingue,dis_caminos_lingue,pen_lingue15,dis_plant87_lingue,predios_lingue1",1037.620228,1135.988787,-98.36855917,1122.878679,1021.620228,101.2584511,0.090177553,0.687416744,0.70257467,0.735180084,0.945096712
349,0.481302429,"mat_lingue_87,cul_prad_lingue_87,dis_comunidades_lingue,dis_caminos_lingue,pen_lingue15,dis_plant87_lingue,predios_lingue1",1037.621807,1135.988787,-98.36698078,1122.878679,1021.621807,101.2568727,0.090176147,0.680679169,0.698910505,0.722222222,0.82809984
350,0.486330463,"bn_lingue_87,cul_prad_lingue_87,dis_comunidades_lingue,dis_urbano_lingue,dis_caminos_lingue,dis_plant87_lingue,predios_lingue1",1037.638753,1135.988787,-98.35003488,1122.878679,1021.638753,101.2399268,0.090161055,0.684759385,0.708171515,0.713039486,0.931207798
351,0.48759979,"bn_lingue_87,mat_lingue_87,cul_prad_lingue_87,dis_comunidades_lingue,dis_caminos_lingue,pen_lingue15,predios_lingue1",1037.645995,1135.988787,-98.34279272,1122.878679,1021.645995,101.2326847,0.090154606,0.687935959,0.702074734,0.731098867,0.868692447
352,0.489440204,"bn_lingue_87,cul_prad_lingue_87,dis_comunidades_lingue,dis_urbano_lingue,dis_hid_lingue,predios_lingue1",1037.659402,1135.988787,-98.3293858,1122.878679,1023.659402,99.21927774,0.08836153,0.686793083,0.705208479,0.71798796,0.908167306
353,0.480684383,"bn_lingue_87,mat_lingue_87,dis_urbano_lingue,dis_caminos_lingue,predios_lingue1",1037.698123,1135.988787,-98.29066414,1122.878679,1025.698123,97.18055608,0.086545909,0.674323847,0.696465696,0.684930109,0.895444458
354,0.489720159,"bn_lingue_87,cul_prad_lingue_87,dis_comunidades_lingue,dis_urbano_lingue,dis_caminos_lingue,dis_hid_lingue,predios_lingue1",1037.704299,1135.988787,-98.28448853,1122.878679,1021.704299,101.1743805,0.090102682,0.68742357,0.70721432,0.715182124,0.917529731
355,0.477987636,"bn_lingue_87,mat_lingue_87,cul_prad_lingue_87,dis_comunidades_lingue,dis_urbano_lingue,dis_hid_lingue",1037.778502,1135.988787,-98.21028515,1133.988787,1023.778502,110.2102851,0.097188161,0.681670055,0.711820231,0.703,0.75369503
356,0.480301823,"bn_lingue_87,mat_lingue_87,cul_prad_lingue_87,dis_comunidades_lingue,dis_urbano_lingue,dis_caminos_lingue,dis_hid_lingue",1037.786523,1135.988787,-98.20226432,1133.988787,1021.786523,112.2022643,0.098944774,0.682188768,0.714558139,0.6984,0.757374201
357,0.484697016,"bn_lingue_87,cul_prad_lingue_87,dis_comunidades_lingue,dis_urbano_lingue,dis_plant87_lingue,predios_lingue1",1037.833127,1135.988787,-98.15566077,1122.878679,1023.833127,99.04555272,0.088206816,0.682634174,0.705086544,0.713396592,0.923616081
358,0.479956306,"mat_lingue_87,cul_prad_lingue_87,dis_comunidades_lingue,dis_urbano_lingue,dis_hid_lingue,dis_plant87_lingue",1037.898886,1135.988787,-98.08990131,1133.988787,1023.898886,110.0899013,0.097082002,0.68053051,0.712501719,0.708075,0.814463791
359,0.472742082,"mat_lingue_87,cul_prad_lingue_87,dis_urbano_lingue,dis_caminos_lingue",1037.983767,1135.988787,-98.00502062,1133.988787,1027.983767,106.0050206,0.093479778,0.676436736,0.705322182,0.686925,0.818309045
360,0.480458511,"mat_lingue_87,cul_prad_lingue_87,dis_comunidades_lingue,dis_urbano_lingue,dis_caminos_lingue,dis_hid_lingue,dis_plant87_lingue",1038.165713,1135.988787,-97.82307472,1133.988787,1022.165713,111.8230747,0.098610388,0.682175112,0.715102134,0.704025,0.818282179
361,0.487069478,"mat_lingue_87,cul_prad_lingue_87,dis_comunidades_lingue,dis_hid_lingue,pen_lingue15",1038.187242,1135.988787,-97.8015451,1133.988787,1026.187242,107.8015451,0.095064031,0.685361518,0.706774828,0.72705,0.806066406
362,0.469515398,"bn_lingue_87,mat_lingue_87,cul_prad_lingue_87,dis_urbano_lingue,dis_caminos_lingue",1038.197445,1135.988787,-97.79134213,1133.988787,1026.197445,107.7913421,0.095055033,0.674240914,0.705310227,0.6804,0.752118573
363,0.483261438,"bn_lingue_87,mat_lingue_87,dis_comunidades_lingue,dis_caminos_lingue,pen_lingue15,dis_plant87_lingue,predios_lingue1",1038.22956,1135.988787,-97.75922773,1122.878679,1022.22956,100.6491197,0.089634901,0.686277615,0.702550283,0.732374248,0.956441364
364,0.479624761,"bn_lingue_87,mat_lingue_87,cul_prad_lingue_87,dis_comunidades_lingue,dis_urbano_lingue,dis_caminos_lingue,dis_plant87_lingue",1038.248763,1135.988787,-97.74002441,1133.988787,1022.248763,111.7400244,0.098537151,0.680580021,0.714635852,0.6962,0.771869066
365,0.478893125,"bn_lingue_87,dis_urbano_lingue,dis_caminos_lingue,predios_lingue1",1038.457316,1135.988787,-97.53147116,1122.878679,1028.457316,94.4213631,0.08408866,0.674496401,0.691332207,0.688909295,0.923959747
366,0.496682739,"dis_comunidades_lingue,dis_urbano_lingue,dis_caminos_lingue,dis_hid_lingue,pen_lingue15,dis_plant87_lingue",1038.52811,1135.988787,-97.46067743,1133.988787,1024.52811,109.4606774,0.096527125,0.701900085,0.705370006,0.725775,0.885709998
367,0.495162786,"dis_comunidades_lingue,dis_urbano_lingue,dis_hid_lingue,pen_lingue15,dis_plant87_lingue",1038.555374,1135.988787,-97.43341374,1133.988787,1026.555374,107.4334137,0.094739397,0.701467556,0.703797801,0.7274,0.881764972
368,0.483881637,"bn_lingue_87,mat_lingue_87,cul_prad_lingue_87,dis_comunidades_lingue,dis_caminos_lingue,pen_lingue15,dis_plant87_lingue,predios_lingue1",1038.574501,1135.988787,-97.41428665,1122.878679,1020.574501,102.3041786,0.091108844,0.683923029,0.701904024,0.728777676,0.887481982
369,0.477675339,"bn_lingue_87,mat_lingue_87,cul_prad_lingue_87,dis_comunidades_lingue,dis_urbano_lingue,dis_plant87_lingue",1038.697664,1135.988787,-97.29112331,1133.988787,1024.697664,109.2911233,0.096377605,0.678678645,0.71126428,0.7006,0.771439232
370,0.491023334,"bn_lingue_87,dis_comunidades_lingue,dis_hid_lingue,pen_lingue15",1038.858351,1135.988787,-97.13043658,1133.988787,1028.858351,105.1304366,0.092708533,0.690309197,0.707270999,0.73715,0.932123619
371,0.485773202,"bn_lingue_87,cul_prad_lingue_87,dis_comunidades_lingue,dis_urbano_lingue,dis_hid_lingue,dis_plant87_lingue,predios_lingue1",1038.868623,1135.988787,-97.12016444,1122.878679,1022.868623,100.0100564,0.089065772,0.683391913,0.706086416,0.716789103,0.925108366
372,0.478681592,"mat_lingue_87,cul_prad_lingue_87,dis_comunidades_lingue,dis_hid_lingue,pen_lingue15,dis_plant87_lingue",1038.978402,1135.988787,-97.01038541,1133.988787,1024.978402,109.0103854,0.096130038,0.681634952,0.707115572,0.72495,0.824381501
373,0.477340226,"bn_lingue_87,mat_lingue_87,cul_prad_lingue_87,dis_comunidades_lingue,dis_urbano_lingue,dis_hid_lingue,dis_plant87_lingue",1039.036261,1135.988787,-96.95252637,1133.988787,1023.036261,110.9525264,0.097842701,0.678425064,0.711897944,0.701975,0.767611828
374,0.487097379,"bn_lingue_87,cul_prad_lingue_87,dis_comunidades_lingue,dis_urbano_lingue,dis_caminos_lingue,dis_hid_lingue,dis_plant87_lingue,predios_lingue1",1039.179305,1135.988787,-96.80948212,1122.878679,1021.179305,101.6993741,0.090570224,0.684711177,0.707848385,0.713932252,0.931371972
375,0.479178331,"bn_lingue_87,mat_lingue_87,cul_prad_lingue_87,dis_comunidades_lingue,dis_urbano_lingue,dis_caminos_lingue,dis_hid_lingue,dis_plant87_lingue",1039.302123,1135.988787,-96.68666486,1133.988787,1021.302123,112.6866649,0.099371939,0.679843031,0.714169571,0.6979,0.769298101
376,0.469256603,"bn_lingue_87,mat_lingue_87,cul_prad_lingue_87,dis_urbano_lingue,dis_caminos_lingue,dis_hid_lingue",1039.405964,1135.988787,-96.58282325,1133.988787,1025.405964,108.5828232,0.095752995,0.673959902,0.706218877,0.6818,0.749548083
377,0.475291541,"mat_lingue_87,cul_prad_lingue_87,dis_urbano_lingue,dis_caminos_lingue,dis_hid_lingue",1039.411648,1135.988787,-96.57713899,1133.988787,1027.411648,106.577139,0.093984297,0.676619084,0.70547761,0.6883,0.818502747
378,0.48094722,"bn_lingue_87,mat_lingue_87,dis_urbano_lingue,dis_caminos_lingue,dis_hid_lingue,predios_lingue1",1039.426703,1135.988787,-96.56208479,1122.878679,1025.426703,97.45197673,0.086787628,0.674415177,0.696166954,0.686664626,0.895796505
379,0.479762886,"bn_lingue_87,mat_lingue_87,dis_urbano_lingue,dis_caminos_lingue,dis_plant87_lingue,predios_lingue1",1039.482858,1135.988787,-96.50592901,1122.878679,1025.482858,97.39582095,0.086737617,0.672535729,0.696002341,0.684955617,0.904898215
380,0.482498472,"bn_lingue_87,mat_lingue_87,dis_urbano_lingue,predios_lingue1",1039.565354,1135.988787,-96.42343386,1122.878679,1029.565354,93.3133258,0.083101877,0.670921732,0.691210272,0.686256504,0.882245184
381,0.483404871,"bn_lingue_87,dis_comunidades_lingue,dis_hid_lingue,pen_lingue15,dis_plant87_lingue",1039.611969,1135.988787,-96.37681819,1133.988787,1027.611969,106.3768182,0.093807646,0.686626176,0.707593809,0.7343,0.949584604
382,0.472714716,"mat_lingue_87,cul_prad_lingue_87,dis_urbano_lingue,dis_caminos_lingue,dis_plant87_lingue",1039.699158,1135.988787,-96.28962955,1133.988787,1027.699158,106.2896295,0.093730759,0.674761259,0.70506513,0.686325,0.826380297
383,0.484743371,"mat_lingue_87,dis_comunidades_lingue,dis_urbano_lingue,predios_lingue1",1039.889387,1135.988787,-96.09940083,1122.878679,1029.889387,92.98929278,0.082813303,0.675312429,0.699416538,0.688807265,0.832906146
384,0.488582331,"bn_lingue_87,mat_lingue_87,cul_prad_lingue_87,dis_comunidades_lingue,dis_hid_lingue,pen_lingue15",1039.912669,1135.988787,-96.07611867,1133.988787,1025.912669,108.0761187,0.095306162,0.687199305,0.707844884,0.729575,0.838177116
385,0.470478735,"bn_lingue_87,mat_lingue_87,cul_prad_lingue_87,dis_urbano_lingue,dis_caminos_lingue,dis_plant87_lingue",1039.97667,1135.988787,-96.01211761,1133.988787,1025.97667,108.0121176,0.095249723,0.67262473,0.705041218,0.680175,0.759179952
386,0.492263229,"bn_lingue_87,cul_prad_lingue_87,dis_comunidades_lingue,dis_hid_lingue,pen_lingue15",1040.014027,1135.988787,-95.97476035,1133.988787,1028.014027,105.9747603,0.093453094,0.691573013,0.708263341,0.738025,0.915124748
387,0.486465197,"mat_lingue_87,cul_prad_lingue_87,dis_comunidades_lingue,dis_caminos_lingue,dis_hid_lingue,pen_lingue15",1040.057698,1135.988787,-95.93108897,1133.988787,1026.057698,107.931089,0.095178268,0.684995893,0.706105296,0.725875,0.807500441
388,0.479537295,"mat_lingue_87,dis_comunidades_lingue,dis_urbano_lingue,dis_caminos_lingue,predios_lingue1",1040.114724,1135.988787,-95.87406303,1122.878679,1028.114724,94.76395497,0.084393761,0.677398611,0.703422123,0.687200286,0.839108957
389,0.479440633,"bn_lingue_87,dis_urbano_lingue,dis_caminos_lingue,dis_hid_lingue,predios_lingue1",1040.229501,1135.988787,-95.75928659,1122.878679,1028.229501,94.64917854,0.084291545,0.674593343,0.691173691,0.68822059,0.924039031
390,0.480260352,"bn_lingue_87,dis_urbano_lingue,dis_caminos_lingue,dis_plant87_lingue,predios_lingue1",1040.253311,1135.988787,-95.73547622,1122.878679,1028.253311,94.62536816,0.08427034,0.672820499,0.690972497,0.688169575,0.931799774
391,0.477390713,"bn_lingue_87,cul_prad_lingue_87,dis_urbano_lingue,dis_caminos_lingue,predios_lingue1",1040.348756,1135.988787,-95.64003157,1122.878679,1028.348756,94.52992352,0.08418534,0.67455315,0.691454143,0.689138863,0.918380767
392,0.466519874,"mat_lingue_87,cul_prad_lingue_87,dis_urbano_lingue",1040.457237,1135.988787,-95.53154996,1133.988787,1032.457237,101.53155,0.08953488,0.672681076,0.699308349,0.687475,0.810981938
393,0.463261833,"bn_lingue_87,mat_lingue_87,cul_prad_lingue_87,dis_urbano_lingue",1040.47952,1135.988787,-95.50926693,1133.988787,1030.47952,103.5092669,0.091278916,0.670532369,0.699989837,0.680725,0.746506087
394,0.487353194,"bn_lingue_87,dis_comunidades_lingue,pen_lingue15",1040.621823,1135.988787,-95.36696482,1133.988787,1032.621823,101.3669648,0.089389742,0.691420945,0.705902045,0.73235,0.932953755
395,0.479799724,"bn_lingue_87,mat_lingue_87,cul_prad_lingue_87,dis_comunidades_lingue,dis_hid_lingue,pen_lingue15,dis_plant87_lingue",1040.651831,1135.988787,-95.33695616,1133.988787,1024.651831,109.3369562,0.096418022,0.683495576,0.708478548,0.72815,0.859216876
396,0.488987832,"bn_lingue_87,dis_comunidades_lingue,dis_caminos_lingue,dis_hid_lingue,pen_lingue15",1040.673491,1135.988787,-95.31529665,1133.988787,1028.673491,105.3152966,0.09287155,0.689789892,0.706398216,0.736325,0.934808799
397,0.48483609,"bn_lingue_87,mat_lingue_87,dis_urbano_lingue,dis_hid_lingue,predios_lingue1",1040.735389,1135.988787,-95.25339825,1122.878679,1028.735389,94.14329019,0.083841017,0.671815429,0.691972369,0.688654219,0.883591584
398,0.485638594,"bn_lingue_87,cul_prad_lingue_87,dis_comunidades_lingue,dis_hid_lingue,pen_lingue15,dis_plant87_lingue",1040.774002,1135.988787,-95.21478542,1133.988787,1026.774002,107.2147854,0.094546601,0.687875338,0.708663865,0.736475,0.935131406
399,0.462209007,"bn_lingue_87,mat_lingue_87,cul_prad_lingue_87,dis_urbano_lingue,dis_hid_lingue",1040.77947,1135.988787,-95.20931752,1133.988787,1028.77947,105.2093175,0.092778093,0.671299262,0.701974522,0.6828,0.742748112
400,0.490224343,"bn_lingue_87,mat_lingue_87,dis_comunidades_lingue,dis_hid_lingue,pen_lingue15",1040.85131,1135.988787,-95.13747707,1133.988787,1028.85131,105.1374771,0.092714741,0.690040857,0.707193286,0.73685,0.931016055
401,0.47026051,"bn_lingue_87,dis_urbano_lingue,predios_lingue1",1040.894249,1135.988787,-95.09453857,1122.878679,1032.894249,89.98443052,0.080137269,0.671441781,0.685973138,0.687327824,0.90693347
402,0.478502296,"mat_lingue_87,cul_prad_lingue_87,dis_comunidades_lingue,dis_caminos_lingue,dis_hid_lingue,pen_lingue15,dis_plant87_lingue",1040.914778,1135.988787,-95.07400972,1133.988787,1024.914778,109.0740097,0.096186145,0.681428649,0.70641615,0.724375,0.824837403
403,0.467995715,"mat_lingue_87,cul_prad_lingue_87,dis_urbano_lingue,dis_hid_lingue",1041.073555,1135.988787,-94.91523263,1133.988787,1031.073555,102.9152326,0.090755071,0.673782521,0.700563722,0.6898,0.811936944
404,0.476170816,"mat_lingue_87,cul_prad_lingue_87,dis_urbano_lingue,dis_caminos_lingue,dis_hid_lingue,dis_plant87_lingue",1041.108518,1135.988787,-94.88026927,1133.988787,1027.108518,106.8802693,0.09425161,0.674847183,0.705112954,0.6876,0.826708415
405,0.479896432,"mat_lingue_87,dis_comunidades_lingue,dis_urbano_lingue,dis_hid_lingue,predios_lingue1",1041.118984,1135.988787,-94.8698031,1122.878679,1029.118984,93.75969505,0.083499399,0.676012778,0.699623829,0.691868177,0.834232522
406,0.480006971,"bn_lingue_87,mat_lingue_87,dis_urbano_lingue,dis_plant87_lingue,predios_lingue1",1041.124756,1135.988787,-94.8640309,1122.878679,1029.124756,93.75392284,0.083494259,0.668396604,0.691179788,0.685210693,0.893433987
407,0.469052356,"bn_lingue_87,mat_lingue_87,cul_prad_lingue_87,dis_urbano_lingue,dis_caminos_lingue,dis_hid_lingue,dis_plant87_lingue",1041.169656,1135.988787,-94.8191315,1133.988787,1025.169656,108.8191315,0.095961382,0.672284444,0.705698794,0.681425,0.756755683
408,0.48689744,"mat_lingue_87,cul_prad_lingue_87,dis_comunidades_lingue,pen_lingue15",1041.184555,1135.988787,-94.80423254,1133.988787,1031.184555,102.8042325,0.090657186,0.686764073,0.702028324,0.7245125,0.807367853
409,0.479270356,"bn_lingue_87,mat_lingue_87,dis_urbano_lingue,dis_caminos_lingue,dis_hid_lingue,dis_plant87_lingue,predios_lingue1",1041.20498,1135.988787,-94.78380711,1122.878679,1025.20498,97.67369905,0.086985087,0.672581463,0.695575567,0.686077951,0.90514363
410,0.477349405,"mat_lingue_87,dis_urbano_lingue,dis_caminos_lingue,predios_lingue1",1041.247757,1135.988787,-94.74103023,1122.878679,1031.247757,91.63092218,0.081603582,0.669889872,0.69502076,0.674012856,0.844074181
411,0.481505482,"bn_lingue_87,dis_comunidades_lingue,pen_lingue15,dis_plant87_lingue",1041.360639,1135.988787,-94.62814868,1133.988787,1031.360639,102.6281487,0.090501908,0.687057072,0.705812376,0.7311,0.952443115
412,0.488801368,"bn_lingue_87,dis_comunidades_lingue,dis_urbano_lingue,dis_caminos_lingue",1041.422559,1135.988787,-94.56622824,1133.988787,1031.422559,102.5662282,0.090447304,0.688021773,0.708167694,0.7107,0.920578483
413,0.483094906,"bn_lingue_87,dis_comunidades_lingue,dis_caminos_lingue,dis_hid_lingue,pen_lingue15,dis_plant87_lingue",1041.509686,1135.988787,-94.47910096,1133.988787,1027.509686,106.479101,0.093897843,0.686353081,0.706930255,0.733475,0.95039202
414,0.481981027,"mat_lingue_87,dis_comunidades_lingue,dis_urbano_lingue,dis_plant87_lingue,predios_lingue1",1041.585755,1135.988787,-94.40303259,1122.878679,1029.585755,93.29292453,0.083083708,0.673522312,0.699349474,0.688246097,0.84302512
415,0.482803565,"bn_lingue_87,mat_lingue_87,dis_comunidades_lingue,dis_hid_lingue,pen_lingue15,dis_plant87_lingue",1041.604453,1135.988787,-94.38433433,1133.988787,1027.604453,106.3843343,0.093814274,0.686372196,0.707468272,0.73385,0.948660927
416,0.481242447,"mat_lingue_87,dis_comunidades_lingue,dis_urbano_lingue,dis_caminos_lingue,dis_hid_lingue,predios_lingue1",1041.74979,1135.988787,-94.23899728,1122.878679,1027.74979,95.12888923,0.08471876,0.677037254,0.701958896,0.68896031,0.839894801
417,0.487851122,"bn_lingue_87,mat_lingue_87,cul_prad_lingue_87,dis_comunidades_lingue,dis_caminos_lingue,dis_hid_lingue,pen_lingue15",1041.756742,1135.988787,-94.23204533,1133.988787,1025.756742,108.2320453,0.095443664,0.686870375,0.706966123,0.729,0.841064115
418,0.490985935,"bn_lingue_87,cul_prad_lingue_87,dis_comunidades_lingue,dis_caminos_lingue,dis_hid_lingue,pen_lingue15",1041.781968,1135.988787,-94.20681982,1133.988787,1027.781968,106.2068198,0.093657734,0.691105231,0.707635655,0.7373,0.91825795
419,0.488447213,"bn_lingue_87,mat_lingue_87,dis_comunidades_lingue,dis_urbano_lingue,dis_caminos_lingue",1041.797976,1135.988787,-94.19081171,1133.988787,1029.797976,104.1908117,0.091879931,0.686575618,0.710074665,0.705275,0.901361103
420,0.468213268,"mat_lingue_87,cul_prad_lingue_87,dis_urbano_lingue,dis_plant87_lingue",1041.896763,1135.988787,-94.09202447,1133.988787,1031.896763,102.0920245,0.09002913,0.670235496,0.699451821,0.686475,0.822393338
421,0.491032684,"bn_lingue_87,cul_prad_lingue_87,dis_comunidades_lingue,pen_lingue15",1041.907739,1135.988787,-94.08104845,1133.988787,1031.907739,102.0810485,0.090019451,0.692406804,0.705674882,0.7361125,0.911957129
422,0.478479313,"mat_lingue_87,dis_comunidades_lingue,dis_urbano_lingue,dis_caminos_lingue,dis_plant87_lingue,predios_lingue1",1041.967891,1135.988787,-94.02089594,1122.878679,1027.967891,94.91078788,0.084524526,0.675808812,0.703367252,0.68714927,0.846294614
423,0.480933384,"mat_lingue_87,cul_prad_lingue_87,dis_comunidades_lingue,pen_lingue15,dis_plant87_lingue",1041.990937,1135.988787,-93.99785025,1133.988787,1029.990937,103.9978502,0.091709769,0.682213357,0.702590252,0.722225,0.826569793
424,0.479933277,"bn_lingue_87,dis_urbano_lingue,dis_caminos_lingue,dis_hid_lingue,dis_plant87_lingue,predios_lingue1",1042.019927,1135.988787,-93.96886061,1122.878679,1028.019927,94.85875255,0.084478185,0.67284776,0.691252949,0.688016529,0.931884175
425,0.464469498,"bn_lingue_87,mat_lingue_87,cul_prad_lingue_87,dis_urbano_lingue,dis_plant87_lingue",1042.024438,1135.988787,-93.96434905,1133.988787,1030.024438,103.964349,0.091680227,0.668216594,0.69995397,0.67975,0.756548201
426,0.486613898,"bn_lingue_87,dis_comunidades_lingue,dis_urbano_lingue",1042.047858,1135.988787,-93.9409296,1133.988787,1034.047858,99.9409296,0.088132203,0.685959247,0.703726066,0.709275,0.907388896
427,0.488223623,"bn_lingue_87,dis_comunidades_lingue,dis_caminos_lingue,pen_lingue15",1042.071878,1135.988787,-93.91690974,1133.988787,1032.071878,101.9169097,0.089874707,0.69025805,0.704144523,0.731825,0.936804776
428,0.473499602,"bn_lingue_87,dis_urbano_lingue,dis_hid_lingue,predios_lingue1",1042.096319,1135.988787,-93.89246827,1122.878679,1032.096319,90.78236021,0.08084788,0.672810358,0.686716945,0.688577696,0.908848551
429,0.478649408,"bn_lingue_87,cul_prad_lingue_87,dis_urbano_lingue,dis_caminos_lingue,dis_hid_lingue,predios_lingue1",1042.112241,1135.988787,-93.87654643,1122.878679,1028.112241,94.76643837,0.084395973,0.674591098,0.691106627,0.689827569,0.918361899
430,0.478198971,"bn_lingue_87,cul_prad_lingue_87,dis_urbano_lingue,dis_caminos_lingue,dis_plant87_lingue,predios_lingue1",1042.148817,1135.988787,-93.83997045,1122.878679,1028.148817,94.72986239,0.084363399,0.672889224,0.691167594,0.688934803,0.926445903
431,0.483002404,"bn_lingue_87,mat_lingue_87,dis_comunidades_lingue,dis_urbano_lingue",1042.174053,1135.988787,-93.81473477,1133.988787,1032.174053,101.8147348,0.089784604,0.684225904,0.705268381,0.707,0.889236284
432,0.474454456,"mat_lingue_87,dis_urbano_lingue,predios_lingue1",1042.299833,1135.988787,-93.68895463,1122.878679,1034.299833,88.57884658,0.0788855,0.666719717,0.690405497,0.674446485,0.837787468
433,0.482632513,"bn_lingue_87,mat_lingue_87,dis_urbano_lingue,dis_hid_lingue,dis_plant87_lingue,predios_lingue1",1042.3059,1135.988787,-93.68288775,1122.878679,1028.3059,94.5727797,0.084223506,0.668960912,0.691655337,0.686486073,0.895252704
434,0.463608608,"bn_lingue_87,mat_lingue_87,cul_prad_lingue_87,dis_urbano_lingue,dis_hid_lingue,dis_plant87_lingue",1042.332458,1135.988787,-93.65632922,1133.988787,1028.332458,105.6563292,0.093172287,0.668627399,0.701047937,0.6813,0.752928604
435,0.47219952,"bn_lingue_87,dis_urbano_lingue,dis_plant87_lingue,predios_lingue1",1042.457373,1135.988787,-93.53141412,1122.878679,1032.457373,90.42130607,0.080526336,0.669079592,0.686198718,0.686154474,0.917192269
436,0.469960557,"mat_lingue_87,cul_prad_lingue_87,dis_urbano_lingue,dis_hid_lingue,dis_plant87_lingue",1042.514331,1135.988787,-93.47445679,1133.988787,1030.514331,103.4744568,0.091248219,0.67103962,0.700856642,0.688,0.823449387
437,0.487874398,"bn_lingue_87,mat_lingue_87,cul_prad_lingue_87,dis_comunidades_lingue,pen_lingue15",1042.541537,1135.988787,-93.44725012,1133.988787,1030.541537,103.4472501,0.091224227,0.689279816,0.704700474,0.7292375,0.854493095
438,0.479822749,"bn_lingue_87,mat_lingue_87,cul_prad_lingue_87,dis_comunidades_lingue,dis_caminos_lingue,dis_hid_lingue,pen_lingue15,dis_plant87_lingue",1042.56976,1135.988787,-93.41902754,1133.988787,1024.56976,109.4190275,0.096490396,0.683326656,0.707910641,0.727275,0.860878106
439,0.487376454,"bn_lingue_87,mat_lingue_87,dis_comunidades_lingue,pen_lingue15",1042.62173,1135.988787,-93.36705778,1133.988787,1032.62173,101.3670578,0.089389824,0.691460819,0.705902045,0.7324125,0.933109305
440,0.485230275,"bn_lingue_87,cul_prad_lingue_87,dis_comunidades_lingue,dis_caminos_lingue,dis_hid_lingue,pen_lingue15,dis_plant87_lingue",1042.635046,1135.988787,-93.35374177,1133.988787,1026.635046,107.3537418,0.094669139,0.687582885,0.707940531,0.73545,0.936436986
441,0.484794365,"bn_lingue_87,cul_prad_lingue_87,dis_comunidades_lingue,pen_lingue15,dis_plant87_lingue",1042.651275,1135.988787,-93.33751264,1133.988787,1030.651275,103.3375126,0.091127455,0.688024509,0.706099318,0.73475,0.936208026
442,0.48881069,"bn_lingue_87,mat_lingue_87,dis_comunidades_lingue,dis_caminos_lingue,dis_hid_lingue,pen_lingue15",1042.671059,1135.988787,-93.31772854,1133.988787,1028.671059,105.3177285,0.092873695,0.689637868,0.70644604,0.7359,0.93418664
443,0.488265541,"mat_lingue_87,cul_prad_lingue_87,dis_comunidades_lingue,dis_caminos_lingue,pen_lingue15",1042.678727,1135.988787,-93.31006079,1133.988787,1030.678727,103.3100608,0.091103247,0.685707772,0.700707193,0.723075,0.809591911
444,0.476697968,"mat_lingue_87,dis_comunidades_lingue,dis_urbano_lingue,dis_hid_lingue,dis_plant87_lingue,predios_lingue1",1042.823984,1135.988787,-93.16480293,1122.878679,1028.823984,94.05469488,0.083762117,0.673780168,0.699294603,0.690414243,0.84448965
445,0.469942382,"bn_lingue_87,cul_prad_lingue_87,dis_urbano_lingue,predios_lingue1",1042.860478,1135.988787,-93.12830908,1122.878679,1032.860478,90.01820103,0.080167344,0.671506058,0.685875589,0.687608407,0.904174194
446,0.487162488,"bn_lingue_87,dis_comunidades_lingue,dis_urbano_lingue,dis_caminos_lingue,dis_plant87_lingue",1042.902639,1135.988787,-93.08614798,1133.988787,1030.902639,103.086148,0.090905791,0.685417778,0.708394857,0.71,0.934084479
447,0.481648575,"cul_prad_lingue_87,dis_comunidades_lingue,dis_urbano_lingue,dis_caminos_lingue,predios_lingue1",1042.938707,1135.988787,-93.05007992,1122.878679,1030.938707,91.93997186,0.081878812,0.682774714,0.698709312,0.70013264,0.843723306
448,0.482729591,"bn_lingue_87,dis_comunidades_lingue,dis_caminos_lingue,pen_lingue15,dis_plant87_lingue",1042.961898,1135.988787,-93.0268896,1133.988787,1030.961898,103.0268896,0.090853535,0.686586637,0.704628738,0.730725,0.95312441
449,0.47910932,"mat_lingue_87,dis_urbano_lingue,dis_caminos_lingue,dis_hid_lingue,predios_lingue1",1043.00558,1135.988787,-92.98320766,1122.878679,1031.00558,91.87309961,0.081819257,0.669696209,0.693722145,0.674854607,0.844723989
450,0.491004634,"bn_lingue_87,dis_comunidades_lingue,dis_urbano_lingue,dis_caminos_lingue,dis_hid_lingue",1043.012079,1135.988787,-92.97670837,1133.988787,1031.012079,102.9767084,0.090809283,0.6879428,0.707725324,0.712225,0.920262299
451,0.48736715,"bn_lingue_87,dis_comunidades_lingue,dis_urbano_lingue,dis_hid_lingue",1043.094726,1135.988787,-92.89406176,1133.988787,1033.094726,100.8940618,0.088972715,0.68713315,0.705244469,0.714175,0.909155725
452,0.490794296,"bn_lingue_87,mat_lingue_87,dis_comunidades_lingue,dis_urbano_lingue,dis_hid_lingue",1043.12735,1135.988787,-92.86143752,1133.988787,1031.12735,102.8614375,0.090707632,0.685343215,0.706380282,0.710375,0.890419696
453,0.48673009,"bn_lingue_87,cul_prad_lingue_87,dis_comunidades_lingue,dis_urbano_lingue,dis_caminos_lingue",1043.141536,1135.988787,-92.84725127,1133.988787,1031.141536,102.8472513,0.090695122,0.687884518,0.708376923,0.7096,0.910111592
454,0.475163401,"mat_lingue_87,dis_urbano_lingue,dis_caminos_lingue,dis_plant87_lingue,predios_lingue1",1043.192076,1135.988787,-92.79671127,1122.878679,1031.192076,91.68660321,0.08165317,0.668944497,0.694624469,0.672099786,0.84821809
455,0.483775149,"bn_lingue_87,dis_comunidades_lingue,dis_urbano_lingue,dis_plant87_lingue",1043.214649,1135.988787,-92.77413881,1133.988787,1033.214649,100.7741388,0.088866962,0.682980126,0.705256425,0.71025,0.925001266
456,0.482530825,"bn_lingue_87,mat_lingue_87,cul_prad_lingue_87,dis_comunidades_lingue,pen_lingue15,dis_plant87_lingue",1043.269755,1135.988787,-92.71903192,1133.988787,1029.269755,104.7190319,0.092345738,0.684710403,0.705585213,0.72685,0.871221951
457,0.492361573,"bn_lingue_87,cul_prad_lingue_87,dis_comunidades_lingue,dis_caminos_lingue,pen_lingue15",1043.275851,1135.988787,-92.71293608,1133.988787,1031.275851,102.7129361,0.090576677,0.691332065,0.704126589,0.735075,0.91767958
458,0.484812909,"bn_lingue_87,mat_lingue_87,dis_comunidades_lingue,dis_urbano_lingue,dis_caminos_lingue,dis_plant87_lingue",1043.294459,1135.988787,-92.6943279,1133.988787,1029.294459,104.6943279,0.092323953,0.684453972,0.709931194,0.70605,0.915788378
459,0.491458232,"bn_lingue_87,mat_lingue_87,dis_comunidades_lingue,dis_urbano_lingue,dis_caminos_lingue,dis_hid_lingue",1043.30152,1135.988787,-92.68726733,1133.988787,1029.30152,104.6872673,0.092317727,0.686611886,0.709967061,0.707225,0.900649849
460,0.481574717,"bn_lingue_87,mat_lingue_87,dis_comunidades_lingue,pen_lingue15,dis_plant87_lingue",1043.360591,1135.988787,-92.62819675,1133.988787,1031.360591,102.6281967,0.09050195,0.687081559,0.705788464,0.731075,0.952520887
461,0.480758153,"bn_lingue_87,mat_lingue_87,dis_comunidades_lingue,dis_urbano_lingue,dis_plant87_lingue",1043.377445,1135.988787,-92.6113423,1133.988787,1031.377445,102.6113423,0.090487087,0.681812106,0.70615312,0.706175,0.907336919
462,0.490149628,"cul_prad_lingue_87,dis_comunidades_lingue,dis_urbano_lingue,predios_lingue1",1043.423024,1135.988787,-92.56576342,1122.878679,1033.423024,89.45565536,0.079666358,0.680854174,0.693868468,0.702632384,0.835871765
463,0.482775824,"bn_lingue_87,mat_lingue_87,dis_comunidades_lingue,dis_caminos_lingue,dis_hid_lingue,pen_lingue15,dis_plant87_lingue",1043.505982,1135.988787,-92.48280553,1133.988787,1027.505982,106.4828055,0.09390111,0.686180207,0.706834608,0.73325,0.949771586
464,0.486567425,"cul_prad_lingue_87,dis_comunidades_lingue,dis_hid_lingue,pen_lingue15,predios_lingue1",1043.585217,1135.988787,-92.40356999,1122.878679,1031.585217,91.29346193,0.08130305,0.685218445,0.688509398,0.730027548,0.846633174
465,0.48008528,"mat_lingue_87,dis_urbano_lingue,dis_hid_lingue,predios_lingue1",1043.592868,1135.988787,-92.39591937,1122.878679,1033.592868,89.28581131,0.079515101,0.667084034,0.689881174,0.676436078,0.839312634
466,0.47946825,"mat_lingue_87,dis_comunidades_lingue,dis_urbano_lingue,dis_caminos_lingue,dis_hid_lingue,dis_plant87_lingue,predios_lingue1",1043.593517,1135.988787,-92.3952708,1122.878679,1027.593517,95.28516274,0.084857932,0.675255092,0.701300443,0.687863483,0.847258543
467,0.481551638,"mat_lingue_87,cul_prad_lingue_87,dis_comunidades_lingue,dis_caminos_lingue,pen_lingue15,dis_plant87_lingue",1043.623717,1135.988787,-92.36507059,1133.988787,1029.623717,104.3650706,0.0920336,0.681762211,0.701382703,0.72165,0.826621317
468,0.473189198,"bn_lingue_87,dis_urbano_lingue,dis_hid_lingue,dis_plant87_lingue,predios_lingue1",1043.66984,1135.988787,-92.31894765,1122.878679,1031.66984,91.20883959,0.081227689,0.669843812,0.686869364,0.686282012,0.919333066
469,0.485081852,"bn_lingue_87,cul_prad_lingue_87,dis_comunidades_lingue,dis_urbano_lingue",1043.873005,1135.988787,-92.11578206,1133.988787,1033.873005,100.1157821,0.088286395,0.686104067,0.703995074,0.7105,0.899414821
470,0.478640212,"bn_lingue_87,cul_prad_lingue_87,dis_urbano_lingue,dis_caminos_lingue,dis_hid_lingue,dis_plant87_lingue,predios_lingue1",1043.907006,1135.988787,-92.08178108,1122.878679,1027.907006,94.97167302,0.084578748,0.672849793,0.691191982,0.688705234,0.92650983
471,0.489743493,"bn_lingue_87,mat_lingue_87,cul_prad_lingue_87,dis_comunidades_lingue,dis_caminos_lingue,pen_lingue15",1043.980641,1135.988787,-92.00814671,1133.988787,1029.980641,104.0081467,0.091718849,0.688221898,0.703307608,0.727875,0.857977357
472,0.472564223,"bn_lingue_87,cul_prad_lingue_87,dis_urbano_lingue,dis_hid_lingue,predios_lingue1",1044.047803,1135.988787,-91.94098402,1122.878679,1032.047803,90.83087596,0.080891086,0.672824748,0.686686461,0.688144067,0.905519388
473,0.488740776,"bn_lingue_87,mat_lingue_87,dis_comunidades_lingue,dis_caminos_lingue,pen_lingue15",1044.067737,1135.988787,-91.92105024,1133.988787,1032.067737,101.9210502,0.089878358,0.690492141,0.704293972,0.7322,0.937745793
474,0.472108372,"mat_lingue_87,dis_urbano_lingue,dis_plant87_lingue,predios_lingue1",1044.112074,1135.988787,-91.87671314,1122.878679,1034.112074,88.76660509,0.079052712,0.665141776,0.689960432,0.672941537,0.845277435
475,0.486028562,"bn_lingue_87,cul_prad_lingue_87,dis_comunidades_lingue,dis_caminos_lingue,pen_lingue15,dis_plant87_lingue",1044.180755,1135.988787,-91.80803206,1133.988787,1030.180755,103.8080321,0.09154238,0.687544451,0.704837967,0.734,0.93781444
476,0.48429848,"bn_lingue_87,dis_comunidades_lingue,dis_urbano_lingue,dis_hid_lingue,dis_plant87_lingue",1044.265902,1135.988787,-91.72288556,1133.988787,1032.265902,101.7228856,0.089703608,0.683657153,0.706087362,0.713475,0.926261812
477,0.486511663,"bn_lingue_87,mat_lingue_87,dis_comunidades_lingue,dis_urbano_lingue,dis_hid_lingue,dis_plant87_lingue",1044.336416,1135.988787,-91.65237107,1133.988787,1030.336416,103.6523711,0.091405111,0.682346274,0.706673203,0.709475,0.90821593
478,0.472012679,"bn_lingue_87,cul_prad_lingue_87,dis_urbano_lingue,dis_plant87_lingue,predios_lingue1",1044.425824,1135.988787,-91.56296308,1122.878679,1032.425824,90.45285503,0.080554433,0.669120948,0.686052396,0.68630752,0.914566624
479,0.48752999,"bn_lingue_87,dis_comunidades_lingue,dis_urbano_lingue,dis_caminos_lingue,dis_hid_lingue,dis_plant87_lingue",1044.468217,1135.988787,-91.52057086,1133.988787,1030.468217,103.5205709,0.091288884,0.685323053,0.708233451,0.711375,0.933886649
480,0.48376126,"cul_prad_lingue_87,dis_comunidades_lingue,dis_urbano_lingue,dis_hid_lingue,predios_lingue1",1044.518865,1135.988787,-91.46992237,1122.878679,1032.518865,90.35981432,0.080471574,0.682683572,0.696209632,0.703627181,0.838169615
481,0.478801147,"cul_prad_lingue_87,dis_comunidades_lingue,dis_urbano_lingue,dis_caminos_lingue,dis_hid_lingue,predios_lingue1",1044.547053,1135.988787,-91.441734,1122.878679,1030.547053,92.33162595,0.082227606,0.682818358,0.698367892,0.700362208,0.844653512
482,0.484896364,"bn_lingue_87,cul_prad_lingue_87,dis_comunidades_lingue,dis_urbano_lingue,dis_caminos_lingue,dis_plant87_lingue",1044.626872,1135.988787,-91.3619154,1133.988787,1030.626872,103.3619154,0.091148975,0.685345127,0.708693755,0.710375,0.924522773
483,0.48933758,"bn_lingue_87,cul_prad_lingue_87,dis_comunidades_lingue,dis_urbano_lingue,dis_caminos_lingue,dis_hid_lingue",1044.72121,1135.988787,-91.26757789,1133.988787,1030.72121,103.2675779,0.091065784,0.687851716,0.708227474,0.712975,0.909875513
484,0.48794423,"bn_lingue_87,mat_lingue_87,dis_comunidades_lingue,dis_urbano_lingue,dis_caminos_lingue,dis_hid_lingue,dis_plant87_lingue",1044.77248,1135.988787,-91.21630783,1133.988787,1028.77248,105.2163078,0.092784258,0.684364113,0.70953067,0.7071,0.915435218
485,0.478079514,"cul_prad_lingue_87,dis_comunidades_lingue,dis_urbano_lingue,dis_caminos_lingue,dis_plant87_lingue,predios_lingue1",1044.805907,1135.988787,-91.18288002,1122.878679,1030.805907,92.07277197,0.081997079,0.681341083,0.698331311,0.700005102,0.851185691
486,0.483793667,"bn_lingue_87,mat_lingue_87,cul_prad_lingue_87,dis_comunidades_lingue,dis_caminos_lingue,pen_lingue15,dis_plant87_lingue",1044.859532,1135.988787,-91.12925513,1133.988787,1028.859532,105.1292551,0.092707491,0.684286022,0.704383642,0.726275,0.874813596
487,0.487939574,"bn_lingue_87,cul_prad_lingue_87,dis_comunidades_lingue,dis_urbano_lingue,dis_hid_lingue",1044.893211,1135.988787,-91.09557642,1133.988787,1032.893211,101.0955764,0.08915042,0.687202212,0.705100998,0.715125,0.900456928
488,0.477721257,"mat_lingue_87,dis_urbano_lingue,dis_caminos_lingue,dis_hid_lingue,dis_plant87_lingue,predios_lingue1",1044.946585,1135.988787,-91.04220211,1122.878679,1030.946585,91.93209405,0.081871796,0.668688917,0.693344145,0.673885318,0.848993801
489,0.483039404,"bn_lingue_87,mat_lingue_87,dis_comunidades_lingue,dis_caminos_lingue,pen_lingue15,dis_plant87_lingue",1044.958982,1135.988787,-91.02980534,1133.988787,1030.958982,103.0298053,0.090856106,0.686760691,0.704574937,0.731375,0.953685729
490,0.482188886,"bn_lingue_87,cul_prad_lingue_87,dis_comunidades_lingue,dis_urbano_lingue,dis_plant87_lingue",1045.040123,1135.988787,-90.94866475,1133.988787,1033.040123,100.9486648,0.089020867,0.683067601,0.705668904,0.7103,0.917168329
491,0.480569134,"bn_lingue_87,mat_lingue_87,dis_urbano_lingue,dis_caminos_lingue",1045.045027,1135.988787,-90.94376017,1133.988787,1035.045027,98.94376017,0.087252856,0.676828518,0.697520938,0.684225,0.898214066
492,0.481759376,"cul_prad_lingue_87,dis_comunidades_lingue,dis_hid_lingue,pen_lingue15,dis_plant87_lingue,predios_lingue1",1045.079678,1135.988787,-90.90910914,1122.878679,1031.079678,91.79900109,0.081753268,0.682821857,0.688966657,0.728701153,0.860188349
493,0.484020559,"cul_prad_lingue_87,dis_comunidades_lingue,dis_urbano_lingue,dis_plant87_lingue,predios_lingue1",1045.121089,1135.988787,-90.86769867,1122.878679,1033.121089,89.75759062,0.079935252,0.679013584,0.694026984,0.702530354,0.84681395
494,0.47709702,"mat_lingue_87,dis_urbano_lingue,dis_hid_lingue,dis_plant87_lingue,predios_lingue1",1045.412803,1135.988787,-90.57598467,1122.878679,1033.412803,89.46587662,0.079675461,0.665168661,0.689387335,0.674778084,0.84664527
495,0.478175997,"bn_lingue_87,dis_urbano_lingue,dis_caminos_lingue",1045.427644,1135.988787,-90.56114319,1133.988787,1037.427644,96.56114319,0.085151762,0.676482768,0.692983662,0.687125,0.921562539
496,0.487097379,"cul_prad_lingue_87,dis_comunidades_lingue,dis_caminos_lingue,dis_hid_lingue,pen_lingue15,predios_lingue1",1045.467802,1135.988787,-90.52098492,1122.878679,1031.467802,91.41087686,0.081407616,0.684560893,0.687546107,0.729236813,0.848269767
497,0.484052978,"mat_lingue_87,cul_prad_lingue_87,dis_comunidades_lingue,dis_hid_lingue,predios_lingue1",1045.524602,1135.988787,-90.46418531,1122.878679,1033.524602,89.35407726,0.079575896,0.66791441,0.696947342,0.706917661,0.780827022
498,0.472796816,"bn_lingue_87,cul_prad_lingue_87,dis_urbano_lingue,dis_hid_lingue,dis_plant87_lingue,predios_lingue1",1045.624233,1135.988787,-90.36455484,1122.878679,1031.624233,91.25444678,0.081268305,0.669856838,0.686863268,0.686817672,0.916080968
499,0.472090144,"cul_prad_lingue_87,dis_urbano_lingue,dis_caminos_lingue,predios_lingue1",1045.723506,1135.988787,-90.26528159,1122.878679,1035.723506,87.15517353,0.077617623,0.670526483,0.681857811,0.678247118,0.853252322
500,0.488638249,"cul_prad_lingue_87,dis_comunidades_lingue,pen_lingue15,predios_lingue1",1045.908058,1135.988787,-90.08072929,1122.878679,1035.908058,86.97062124,0.077453266,0.684996719,0.684924491,0.728242016,0.846239313
501,0.483877007,"bn_lingue_87,cul_prad_lingue_87,dis_comunidades_lingue,dis_urbano_lingue,dis_hid_lingue,dis_plant87_lingue",1046.065196,1135.988787,-89.92359167,1133.988787,1032.065196,101.9235917,0.089880599,0.683774248,0.706673203,0.7139,0.918179464
502,0.476886,"mat_lingue_87,cul_prad_lingue_87,dis_comunidades_lingue,dis_hid_lingue,dis_plant87_lingue,predios_lingue1",1046.147576,1135.988787,-89.84121154,1122.878679,1032.147576,90.73110348,0.080802232,0.664130942,0.697886246,0.70523416,0.803609322
503,0.486939283,"bn_lingue_87,cul_prad_lingue_87,dis_comunidades_lingue,dis_urbano_lingue,dis_caminos_lingue,dis_hid_lingue,dis_plant87_lingue",1046.182897,1135.988787,-89.8058904,1133.988787,1030.182897,103.8058904,0.091540491,0.685299871,0.708693755,0.712425,0.924340788
504,0.480532257,"cul_prad_lingue_87,dis_comunidades_lingue,dis_urbano_lingue,dis_hid_lingue,dis_plant87_lingue,predios_lingue1",1046.225671,1135.988787,-89.76311599,1122.878679,1032.225671,90.65300793,0.080732683,0.680520402,0.696270599,0.70342312,0.848915487
505,0.476221223,"cul_prad_lingue_87,dis_comunidades_lingue,dis_urbano_lingue,dis_caminos_lingue,dis_hid_lingue,dis_plant87_lingue,predios_lingue1",1046.405917,1135.988787,-89.58287045,1122.878679,1030.405917,92.47276239,0.082353298,0.681324389,0.698349602,0.699214366,0.852226545
506,0.480758153,"bn_lingue_87,mat_lingue_87,dis_urbano_lingue,dis_caminos_lingue,dis_hid_lingue",1046.684142,1135.988787,-89.30464519,1133.988787,1034.684142,99.30464519,0.0875711,0.676930089,0.697407356,0.685875,0.897487832
507,0.479854985,"bn_lingue_87,mat_lingue_87,dis_urbano_lingue,dis_caminos_lingue,dis_plant87_lingue",1046.833632,1135.988787,-89.15515589,1133.988787,1034.833632,99.15515589,0.087439274,0.675148667,0.697006833,0.6837,0.907741769
508,0.482008739,"cul_prad_lingue_87,dis_comunidades_lingue,dis_caminos_lingue,dis_hid_lingue,pen_lingue15,dis_plant87_lingue,predios_lingue1",1047.004991,1135.988787,-88.98379659,1122.878679,1031.004991,91.87368853,0.081819782,0.682378077,0.688405753,0.727476788,0.860943703
509,0.480393988,"bn_lingue_87,mat_lingue_87,dis_urbano_lingue",1047.152465,1135.988787,-88.83632269,1133.988787,1039.152465,94.83632269,0.083630741,0.673444713,0.691614708,0.68505,0.884593689
510,0.479633968,"bn_lingue_87,dis_urbano_lingue,dis_caminos_lingue,dis_hid_lingue",1047.164685,1135.988787,-88.82410275,1133.988787,1037.164685,96.82410275,0.085383651,0.676624734,0.693222781,0.68645,0.920996626
511,0.476115831,"bn_lingue_87,cul_prad_lingue_87,dis_urbano_lingue,dis_caminos_lingue",1047.176865,1135.988787,-88.81192203,1133.988787,1037.176865,96.81192203,0.085372909,0.676455419,0.693467877,0.688075,0.912044996
512,0.479031114,"bn_lingue_87,dis_urbano_lingue,dis_caminos_lingue,dis_plant87_lingue",1047.221323,1135.988787,-88.76746484,1133.988787,1037.221323,96.76746484,0.085333705,0.674950886,0.692840191,0.686225,0.929648853
513,0.4833586,"cul_prad_lingue_87,dis_comunidades_lingue,pen_lingue15,dis_plant87_lingue,predios_lingue1",1047.370613,1135.988787,-88.61817455,1122.878679,1035.370613,87.50806649,0.077931898,0.682228929,0.683796587,0.727221712,0.858953826
514,0.490761582,"dis_comunidades_lingue,dis_urbano_lingue,predios_lingue1",1047.438478,1135.988787,-88.55030932,1122.878679,1039.438478,83.44020127,0.074309187,0.677664302,0.688253333,0.685899398,0.854322388
515,0.48391405,"mat_lingue_87,cul_prad_lingue_87,dis_comunidades_lingue,dis_caminos_lingue,dis_hid_lingue,predios_lingue1",1047.453249,1135.988787,-88.53553866,1122.878679,1033.453249,89.42543061,0.079639441,0.667850373,0.697136342,0.705514743,0.781808779
516,0.488428578,"cul_prad_lingue_87,dis_comunidades_lingue,dis_caminos_lingue,pen_lingue15,predios_lingue1",1047.470654,1135.988787,-88.51813349,1122.878679,1035.470654,87.40802543,0.077842804,0.683911476,0.683089361,0.727272727,0.848684027
517,0.497054962,"dis_comunidades_lingue,dis_urbano_lingue,dis_caminos_lingue,predios_lingue1",1047.50391,1135.988787,-88.48487702,1122.878679,1037.50391,85.37476896,0.076032051,0.679727512,0.693185629,0.685644322,0.861650613
518,0.473600055,"cul_prad_lingue_87,dis_urbano_lingue,dis_caminos_lingue,dis_hid_lingue,predios_lingue1",1047.509747,1135.988787,-88.47904063,1122.878679,1035.509747,87.36893257,0.07780799,0.670565169,0.681699295,0.677507397,0.854131841
519,0.484071503,"bn_lingue_87,mat_lingue_87,cul_prad_lingue_87,dis_comunidades_lingue,dis_hid_lingue,predios_lingue1",1047.524062,1135.988787,-88.46472548,1122.878679,1033.524062,89.35461743,0.079576377,0.667824554,0.696929052,0.706662585,0.77936566
520,0.470283239,"cul_prad_lingue_87,dis_urbano_lingue,dis_caminos_lingue,dis_plant87_lingue,predios_lingue1",1047.697425,1135.988787,-88.29136223,1122.878679,1035.697425,87.18125418,0.077640849,0.669824743,0.68163223,0.678068564,0.856146416
521,0.486906738,"mat_lingue_87,dis_comunidades_lingue,dis_urbano_lingue",1047.839587,1135.988787,-88.14920003,1133.988787,1039.839587,94.14920003,0.083024807,0.678974135,0.699942014,0.687875,0.836655982
522,0.473038608,"cul_prad_lingue_87,dis_urbano_lingue,predios_lingue1",1047.966422,1135.988787,-88.02236559,1122.878679,1039.966422,82.91225754,0.073839017,0.668225202,0.676949903,0.680083665,0.846355319
523,0.481930226,"mat_lingue_87,dis_comunidades_lingue,dis_urbano_lingue,dis_caminos_lingue",1048.000606,1135.988787,-87.98818092,1133.988787,1038.000606,95.98818092,0.084646499,0.681049346,0.704491245,0.6872,0.84394872
524,0.470128698,"bn_lingue_87,dis_urbano_lingue",1048.079472,1135.988787,-87.90931562,1133.988787,1042.079472,91.90931562,0.081049581,0.673175054,0.687609471,0.685575,0.904980238
525,0.477271386,"mat_lingue_87,cul_prad_lingue_87,dis_comunidades_lingue,dis_caminos_lingue,dis_hid_lingue,dis_plant87_lingue,predios_lingue1",1048.124981,1135.988787,-87.86380595,1122.878679,1032.124981,90.75369789,0.080822354,0.664126752,0.697685053,0.704137333,0.803861763
526,0.483432636,"bn_lingue_87,mat_lingue_87,dis_urbano_lingue,dis_hid_lingue",1048.133185,1135.988787,-87.85560231,1133.988787,1038.133185,95.85560231,0.084529586,0.674330678,0.692947794,0.6873,0.884754516
527,0.476973153,"bn_lingue_87,mat_lingue_87,cul_prad_lingue_87,dis_comunidades_lingue,dis_hid_lingue,dis_plant87_lingue,predios_lingue1",1048.146262,1135.988787,-87.84252555,1122.878679,1032.146262,90.73241749,0.080803402,0.664270216,0.697874053,0.705591266,0.806180294
528,0.479040315,"bn_lingue_87,mat_lingue_87,dis_urbano_lingue,dis_caminos_lingue,dis_hid_lingue,dis_plant87_lingue",1048.461866,1135.988787,-87.52692095,1133.988787,1034.461866,99.52692095,0.087767112,0.675175077,0.697126392,0.685225,0.906936587
529,0.479518882,"bn_lingue_87,mat_lingue_87,dis_urbano_lingue,dis_plant87_lingue",1048.708991,1135.988787,-87.27979652,1133.988787,1038.708991,95.27979652,0.084021815,0.671033982,0.691794047,0.68385,0.895962746
530,0.479896432,"mat_lingue_87,cul_prad_lingue_87,dis_comunidades_lingue,predios_lingue1",1048.726351,1135.988787,-87.26243631,1122.878679,1038.726351,84.15232825,0.074943384,0.666735292,0.689710464,0.699750026,0.781205817
531,0.490724196,"bn_lingue_87,dis_comunidades_lingue,dis_hid_lingue,predios_lingue1",1048.784731,1135.988787,-87.20405673,1122.878679,1038.784731,84.09394867,0.074891393,0.674791117,0.693697758,0.719186818,0.939735573
532,0.480679773,"mat_lingue_87,dis_comunidades_lingue,dis_urbano_lingue,dis_hid_lingue",1048.799842,1135.988787,-87.18894498,1133.988787,1038.799842,95.18894498,0.083941699,0.679568588,0.700635458,0.691075,0.837974943
533,0.495877673,"dis_comunidades_lingue,dis_urbano_lingue,dis_hid_lingue,predios_lingue1",1048.811391,1135.988787,-87.1773967,1122.878679,1038.811391,84.06728865,0.074867651,0.67899463,0.689289786,0.687633915,0.855728132
534,0.47829547,"bn_lingue_87,cul_prad_lingue_87,dis_urbano_lingue,dis_caminos_lingue,dis_hid_lingue",1048.91091,1135.988787,-87.07787713,1133.988787,1036.91091,97.07787713,0.08560744,0.676538254,0.693653194,0.688275,0.911575011
535,0.479620157,"bn_lingue_87,dis_urbano_lingue,dis_caminos_lingue,dis_hid_lingue,dis_plant87_lingue",1048.949271,1135.988787,-87.0395168,1133.988787,1036.949271,97.0395168,0.085573612,0.674954065,0.693031486,0.686025,0.929214927
536,0.475822645,"bn_lingue_87,cul_prad_lingue_87,dis_urbano_lingue,dis_caminos_lingue,dis_plant87_lingue",1048.973921,1135.988787,-87.01486674,1133.988787,1036.973921,97.01486674,0.085551875,0.674893349,0.693252671,0.687225,0.92080227
537,0.482960782,"cul_prad_lingue_87,dis_comunidades_lingue,dis_caminos_lingue,pen_lingue15,dis_plant87_lingue,predios_lingue1",1049.021562,1135.988787,-86.96722551,1122.878679,1035.021562,87.85711745,0.078242751,0.681534263,0.683436877,0.726584022,0.860148008
538,0.47799223,"cul_prad_lingue_87,dis_comunidades_lingue,dis_urbano_lingue,dis_caminos_lingue",1049.181255,1135.988787,-86.80753219,1133.988787,1039.181255,94.80753219,0.083605352,0.683676236,0.69995397,0.69615,0.841343479
539,0.47128855,"bn_lingue_87,dis_urbano_lingue,dis_hid_lingue",1049.188842,1135.988787,-86.79994587,1133.988787,1041.188842,92.79994587,0.081834977,0.67446635,0.688601814,0.686575,0.906021131
540,0.483266065,"dis_urbano_lingue,dis_caminos_lingue,predios_lingue1",1049.20714,1135.988787,-86.78164695,1122.878679,1041.20714,81.67153889,0.072734072,0.669125769,0.679845873,0.667891032,0.867293813
541,0.47332156,"cul_prad_lingue_87,dis_urbano_lingue,dis_hid_lingue,predios_lingue1",1049.217457,1135.988787,-86.77133073,1122.878679,1039.217457,83.66122267,0.074506021,0.669402648,0.67767542,0.681435568,0.848722606
542,0.494866685,"dis_comunidades_lingue,dis_urbano_lingue,dis_caminos_lingue,dis_hid_lingue,predios_lingue1",1049.251509,1135.988787,-86.73727846,1122.878679,1037.251509,85.6271704,0.076256832,0.679545546,0.692393047,0.685618814,0.862479894
543,0.475131369,"mat_lingue_87,cul_prad_lingue_87,dis_comunidades_lingue,dis_plant87_lingue,predios_lingue1",1049.281654,1135.988787,-86.70713307,1122.878679,1037.281654,85.59702502,0.076229985,0.66189179,0.689326367,0.69714825,0.802464078
544,0.490443864,"dis_comunidades_lingue,dis_urbano_lingue,dis_plant87_lingue,predios_lingue1",1049.296724,1135.988787,-86.69206305,1122.878679,1039.296724,83.58195499,0.074435428,0.67628119,0.688686205,0.685542292,0.861789371
545,0.47852528,"mat_lingue_87,dis_urbano_lingue,dis_caminos_lingue",1049.331681,1135.988787,-86.65710605,1133.988787,1041.331681,92.65710605,0.081709014,0.67360176,0.695865041,0.67305,0.849731418
546,0.484219725,"bn_lingue_87,dis_comunidades_lingue,dis_hid_lingue,dis_plant87_lingue,predios_lingue1",1049.356447,1135.988787,-86.63234017,1122.878679,1037.356447,85.52223212,0.076163377,0.670598714,0.694782985,0.716738088,0.963275576
547,0.482942284,"cul_prad_lingue_87,dis_comunidades_lingue,dis_hid_lingue,pen_lingue15",1049.418281,1135.988787,-86.57050651,1133.988787,1039.418281,94.57050651,0.083396333,0.686087507,0.693611349,0.7295,0.841530158
548,0.483145787,"mat_lingue_87,dis_comunidades_lingue,dis_urbano_lingue,dis_caminos_lingue,dis_hid_lingue",1049.441358,1135.988787,-86.54742919,1133.988787,1037.441358,96.54742919,0.085139668,0.680501748,0.702751657,0.687675,0.844445874
549,0.483900159,"bn_lingue_87,mat_lingue_87,cul_prad_lingue_87,dis_comunidades_lingue,dis_caminos_lingue,dis_hid_lingue,predios_lingue1",1049.453147,1135.988787,-86.53564052,1122.878679,1033.453147,89.42553246,0.079639532,0.667811268,0.697160729,0.705540251,0.781173165
550,0.496616795,"dis_comunidades_lingue,dis_urbano_lingue,dis_caminos_lingue,dis_plant87_lingue,predios_lingue1",1049.463044,1135.988787,-86.52574346,1122.878679,1037.463044,85.4156354,0.076068445,0.678796295,0.692966145,0.686333027,0.865902836
551,0.472550544,"cul_prad_lingue_87,dis_urbano_lingue,dis_caminos_lingue,dis_hid_lingue,dis_plant87_lingue,predios_lingue1",1049.48197,1135.988787,-86.50681705,1122.878679,1035.48197,87.396709,0.077832726,0.66981884,0.681528585,0.677175798,0.857097648
552,0.483793667,"mat_lingue_87,dis_comunidades_lingue,dis_urbano_lingue,dis_plant87_lingue",1049.573653,1135.988787,-86.41513441,1133.988787,1039.573653,94.41513441,0.083259319,0.677392176,0.700252868,0.6872,0.84669122
553,0.47149342,"bn_lingue_87,dis_urbano_lingue,dis_plant87_lingue",1049.630924,1135.988787,-86.35786385,1133.988787,1041.630924,92.35786385,0.08144513,0.670918356,0.687627405,0.684,0.915583651
554,0.481403948,"bn_lingue_87,mat_lingue_87,dis_urbano_lingue,dis_hid_lingue,dis_plant87_lingue",1049.69504,1135.988787,-86.29374742,1133.988787,1037.69504,96.29374742,0.084915961,0.671551355,0.692672808,0.685925,0.896695797
555,0.481570101,"bn_lingue_87,mat_lingue_87,dis_comunidades_lingue,dis_hid_lingue,predios_lingue1",1049.783921,1135.988787,-86.20486633,1122.878679,1037.783921,85.09475828,0.075782682,0.670830719,0.693752629,0.713447607,0.921727826
556,0.470255965,"cul_prad_lingue_87,dis_urbano_lingue,dis_plant87_lingue,predios_lingue1",1049.828075,1135.988787,-86.16071214,1122.878679,1039.828075,83.05060408,0.073962224,0.66671479,0.676340225,0.678833792,0.852780937
557,0.487418325,"cul_prad_lingue_87,dis_comunidades_lingue,dis_urbano_lingue",1049.859628,1135.988787,-86.12915986,1133.988787,1041.859628,92.12915986,0.081243449,0.68147157,0.694735206,0.6983,0.833140231
558,0.480435466,"mat_lingue_87,dis_comunidades_lingue,dis_urbano_lingue,dis_caminos_lingue,dis_plant87_lingue",1049.884712,1135.988787,-86.10407509,1133.988787,1037.884712,96.10407509,0.0847487,0.679706983,0.704186369,0.6867,0.850710703
559,0.469261143,"bn_lingue_87,cul_prad_lingue_87,dis_urbano_lingue",1049.953087,1135.988787,-86.03570014,1133.988787,1041.953087,92.03570014,0.081161032,0.673171775,0.687460022,0.68635,0.899421832
560,0.471830441,"mat_lingue_87,dis_comunidades_lingue,dis_hid_lingue,pen_lingue15,predios_lingue1",1050.063676,1135.988787,-85.92511091,1122.878679,1038.063676,84.81500285,0.075533541,0.669729823,0.689039818,0.712299765,0.850372713
561,0.477349405,"bn_lingue_87,mat_lingue_87,cul_prad_lingue_87,dis_comunidades_lingue,dis_caminos_lingue,dis_hid_lingue,dis_plant87_lingue,predios_lingue1",1050.123155,1135.988787,-85.86563196,1122.878679,1032.123155,90.7555239,0.08082398,0.664291398,0.697715536,0.704902561,0.806860419
562,0.478860932,"mat_lingue_87,cul_prad_lingue_87,dis_comunidades_lingue,dis_caminos_lingue,predios_lingue1",1050.320821,1135.988787,-85.66796679,1122.878679,1038.320821,84.55785873,0.075304537,0.666630704,0.689716561,0.697938986,0.782943765
563,0.475900511,"bn_lingue_87,mat_lingue_87,dis_comunidades_lingue,dis_hid_lingue,dis_plant87_lingue,predios_lingue1",1050.356772,1135.988787,-85.63201548,1122.878679,1036.356772,86.52190742,0.077053656,0.667191739,0.694978082,0.71150903,0.947330704
564,0.478516087,"mat_lingue_87,dis_urbano_lingue",1050.517362,1135.988787,-85.47142563,1133.988787,1044.517362,89.47142563,0.078899745,0.670168104,0.691112559,0.6731,0.843188082
565,0.477762585,"mat_lingue_87,dis_comunidades_lingue,dis_urbano_lingue,dis_hid_lingue,dis_plant87_lingue",1050.536037,1135.988787,-85.4527506,1133.988787,1038.536037,95.4527506,0.084174334,0.67753415,0.700713171,0.689775,0.848309578
566,0.492928475,"dis_urbano_lingue,predios_lingue1",1050.60325,1135.988787,-85.38553789,1122.878679,1044.60325,78.27542983,0.069709606,0.666432845,0.674950159,0.668911336,0.859923348
567,0.490560656,"bn_lingue_87,cul_prad_lingue_87,dis_comunidades_lingue,dis_hid_lingue,predios_lingue1",1050.615972,1135.988787,-85.37281532,1122.878679,1038.615972,84.26270726,0.075041684,0.675923419,0.694209888,0.720079584,0.929623817
568,0.490425178,"bn_lingue_87,dis_comunidades_lingue,dis_caminos_lingue,dis_hid_lingue,predios_lingue1",1050.657886,1135.988787,-85.33090177,1122.878679,1038.657886,84.22079371,0.075004357,0.674850424,0.694234275,0.717426793,0.942866401
569,0.495402574,"dis_comunidades_lingue,dis_urbano_lingue,dis_hid_lingue,dis_plant87_lingue,predios_lingue1",1050.675537,1135.988787,-85.31325065,1122.878679,1038.675537,84.2031426,0.074988638,0.677322373,0.689362947,0.687072748,0.863469452
570,0.480048428,"bn_lingue_87,mat_lingue_87,cul_prad_lingue_87,dis_comunidades_lingue,predios_lingue1",1050.682289,1135.988787,-85.30649859,1122.878679,1038.682289,84.19639054,0.074982625,0.667341799,0.68969827,0.701050913,0.794474979
571,0.476253302,"bn_lingue_87,cul_prad_lingue_87,dis_urbano_lingue,dis_caminos_lingue,dis_hid_lingue,dis_plant87_lingue",1050.699132,1135.988787,-85.28965558,1133.988787,1036.699132,97.28965558,0.085794195,0.674828718,0.693163001,0.6873,0.920342629
572,0.472532304,"bn_lingue_87,dis_urbano_lingue,dis_hid_lingue,dis_plant87_lingue",1050.74439,1135.988787,-85.24439716,1133.988787,1040.74439,93.24439716,0.082226913,0.671567384,0.688536056,0.684975,0.916923798
573,0.476876827,"cul_prad_lingue_87,dis_comunidades_lingue,dis_urbano_lingue,dis_caminos_lingue,dis_hid_lingue",1050.759697,1135.988787,-85.22909002,1133.988787,1038.759697,95.22909002,0.0839771,0.683763377,0.700145265,0.6983,0.841807913
574,0.485893907,"bn_lingue_87,dis_comunidades_lingue,predios_lingue1",1050.80414,1135.988787,-85.18464754,1122.878679,1042.80414,80.07453948,0.071311835,0.672885398,0.687174203,0.712299765,0.937871371
575,0.478410366,"cul_prad_lingue_87,dis_comunidades_lingue,dis_hid_lingue,pen_lingue15,dis_plant87_lingue",1050.870901,1135.988787,-85.11788591,1133.988787,1038.870901,95.11788591,0.083879036,0.683750911,0.693706996,0.7277,0.856039155
576,0.48089649,"cul_prad_lingue_87,dis_comunidades_lingue,dis_urbano_lingue,dis_hid_lingue",1050.884867,1135.988787,-85.10392058,1133.988787,1040.884867,93.10392058,0.082103035,0.683646683,0.697849726,0.7011,0.834787962
577,0.479334781,"mat_lingue_87,dis_urbano_lingue,dis_caminos_lingue,dis_hid_lingue",1050.90076,1135.988787,-85.08802737,1133.988787,1040.90076,93.08802737,0.082089019,0.673025201,0.694448264,0.673525,0.850188159
578,0.475570781,"mat_lingue_87,cul_prad_lingue_87,dis_comunidades_lingue,dis_caminos_lingue,dis_plant87_lingue,predios_lingue1",1051.015799,1135.988787,-84.97298808,1122.878679,1037.015799,85.86288002,0.076466747,0.662221131,0.689844593,0.696280992,0.802912927
579,0.475506683,"cul_prad_lingue_87,dis_comunidades_lingue,dis_urbano_lingue,dis_caminos_lingue,dis_plant87_lingue",1051.043319,1135.988787,-84.94546794,1133.988787,1039.043319,94.94546794,0.08372699,0.682398223,0.699517578,0.69705,0.848615332
580,0.471894219,"bn_lingue_87,cul_prad_lingue_87,dis_urbano_lingue,dis_hid_lingue",1051.047862,1135.988787,-84.94092508,1133.988787,1041.047862,92.94092508,0.081959298,0.674342254,0.688344761,0.685725,0.899855783
581,0.483353973,"dis_urbano_lingue,dis_caminos_lingue,dis_hid_lingue,predios_lingue1",1051.067761,1135.988787,-84.92102612,1122.878679,1041.067761,81.81091806,0.072858199,0.66878316,0.678870389,0.668248138,0.86795251
582,0.470155967,"cul_prad_lingue_87,dis_urbano_lingue,dis_hid_lingue,dis_plant87_lingue,predios_lingue1",1051.085455,1135.988787,-84.90333197,1122.878679,1039.085455,83.79322391,0.074623577,0.667620193,0.677242548,0.679675543,0.855076467
583,0.484585775,"bn_lingue_87,cul_prad_lingue_87,dis_comunidades_lingue,dis_hid_lingue,dis_plant87_lingue,predios_lingue1",1051.19834,1135.988787,-84.79044742,1122.878679,1037.19834,85.68033937,0.076304182,0.671537066,0.695221953,0.718217529,0.955668966
584,0.482743461,"dis_urbano_lingue,dis_caminos_lingue,dis_plant87_lingue,predios_lingue1",1051.205757,1135.988787,-84.7830306,1122.878679,1041.205757,81.67292254,0.072735304,0.668964974,0.679760518,0.667712478,0.868021461
585,0.494702234,"dis_comunidades_lingue,dis_urbano_lingue,dis_caminos_lingue,dis_hid_lingue,dis_plant87_lingue,predios_lingue1",1051.20684,1135.988787,-84.78194708,1122.878679,1037.20684,85.67183903,0.076296612,0.678383422,0.691899208,0.685491276,0.866881101
586,0.475703571,"bn_lingue_87,mat_lingue_87,cul_prad_lingue_87,dis_comunidades_lingue,dis_plant87_lingue,predios_lingue1",1051.208464,1135.988787,-84.78032301,1122.878679,1037.208464,85.67021495,0.076295166,0.66266838,0.689332464,0.699086828,0.820302321
587,0.483122659,"cul_prad_lingue_87,dis_comunidades_lingue,dis_caminos_lingue,dis_hid_lingue,pen_lingue15",1051.286136,1135.988787,-84.70265104,1133.988787,1039.286136,94.70265104,0.083512864,0.685409241,0.692983662,0.72895,0.843139139
588,0.479716842,"bn_lingue_87,dis_comunidades_lingue,dis_plant87_lingue,predios_lingue1",1051.28903,1135.988787,-84.6997577,1122.878679,1041.28903,81.58964965,0.072661144,0.667965219,0.688003365,0.71023365,0.963813455
589,0.477744217,"mat_lingue_87,dis_urbano_lingue,dis_caminos_lingue,dis_plant87_lingue",1051.298637,1135.988787,-84.69015037,1133.988787,1041.298637,92.69015037,0.081738154,0.672865275,0.695924821,0.6716,0.853026738
590,0.483830706,"bn_lingue_87,dis_comunidades_lingue,dis_caminos_lingue,dis_hid_lingue,dis_plant87_lingue,predios_lingue1",1051.299702,1135.988787,-84.68908543,1122.878679,1037.299702,85.57897738,0.076213912,0.670690052,0.695075631,0.715896337,0.964349864
591,0.480859598,"mat_lingue_87,dis_comunidades_lingue,dis_urbano_lingue,dis_caminos_lingue,dis_hid_lingue,dis_plant87_lingue",1051.310862,1135.988787,-84.67792494,1133.988787,1037.310862,96.67792494,0.085254745,0.678893607,0.702518517,0.687075,0.851445519
592,0.481773227,"mat_lingue_87,dis_urbano_lingue,dis_hid_lingue",1051.499199,1135.988787,-84.48958817,1133.988787,1043.499199,90.48958817,0.079797604,0.670552547,0.690502807,0.6752,0.844320931
593,0.470351429,"bn_lingue_87,cul_prad_lingue_87,dis_urbano_lingue,dis_plant87_lingue",1051.505989,1135.988787,-84.48279828,1133.988787,1041.505989,92.48279828,0.081555302,0.670830855,0.687758921,0.68395,0.910165916
594,0.482285907,"cul_prad_lingue_87,dis_comunidades_lingue,dis_urbano_lingue,dis_plant87_lingue",1051.539646,1135.988787,-84.44914117,1133.988787,1041.539646,92.44914117,0.081525622,0.679969168,0.695081928,0.699,0.844442157
595,0.466456561,"mat_lingue_87,dis_comunidades_lingue,dis_hid_lingue,pen_lingue15,dis_plant87_lingue,predios_lingue1",1051.610047,1135.988787,-84.37874019,1122.878679,1037.610047,85.26863214,0.075937529,0.667702619,0.688332592,0.710412203,0.863882311
596,0.485211721,"cul_prad_lingue_87,dis_comunidades_lingue,pen_lingue15",1051.67294,1135.988787,-84.31584735,1133.988787,1043.67294,90.31584735,0.079644392,0.685801878,0.688551001,0.725875,0.842718925
597,0.481810165,"bn_lingue_87,mat_lingue_87,dis_comunidades_lingue,dis_caminos_lingue,dis_hid_lingue,predios_lingue1",1051.705826,1135.988787,-84.28296162,1122.878679,1037.705826,85.17285356,0.075852232,0.671002522,0.694033081,0.711891644,0.924711613
598,0.481390104,"bn_lingue_87,mat_lingue_87,dis_comunidades_lingue,predios_lingue1",1051.896345,1135.988787,-84.09244244,1122.878679,1041.896345,80.98233438,0.072120289,0.668144293,0.685698782,0.705361698,0.918750099
599,0.469992365,"cul_prad_lingue_87,dis_urbano_lingue,dis_caminos_lingue",1051.938927,1135.988787,-84.04986072,1133.988787,1043.938927,90.04986072,0.079409833,0.672346514,0.684327569,0.675875,0.852120753
600,0.488540395,"dis_urbano_lingue,dis_hid_lingue,predios_lingue1",1052.052994,1135.988787,-83.93579382,1122.878679,1044.052994,78.82568577,0.070199646,0.666987981,0.674188061,0.668350168,0.861629645
601,0.471880552,"mat_lingue_87,dis_comunidades_lingue,dis_caminos_lingue,dis_hid_lingue,pen_lingue15,predios_lingue1",1052.063495,1135.988787,-83.92529264,1122.878679,1038.063495,84.81518458,0.075533703,0.669752743,0.689021528,0.712274258,0.850305007
602,0.475735627,"mat_lingue_87,dis_comunidades_lingue,pen_lingue15,predios_lingue1",1052.088533,1135.988787,-83.90025472,1122.878679,1042.088533,80.79014666,0.071949132,0.668730895,0.682595521,0.70842261,0.850798223
603,0.479569518,"bn_lingue_87,mat_lingue_87,cul_prad_lingue_87,dis_comunidades_lingue,dis_caminos_lingue,predios_lingue1",1052.267083,1135.988787,-83.72170396,1122.878679,1038.267083,84.6115959,0.075352393,0.66727781,0.689576335,0.699086828,0.797337196
604,0.475905091,"bn_lingue_87,mat_lingue_87,dis_comunidades_lingue,dis_caminos_lingue,dis_hid_lingue,dis_plant87_lingue,predios_lingue1",1052.330951,1135.988787,-83.65783647,1122.878679,1036.330951,86.54772842,0.077076651,0.667321312,0.695215857,0.710284665,0.948617405
605,0.483752001,"bn_lingue_87,dis_comunidades_lingue,dis_caminos_lingue,predios_lingue1",1052.331711,1135.988787,-83.65707645,1122.878679,1042.331711,80.5469684,0.071732565,0.672956942,0.68772901,0.709749005,0.942756173
606,0.476450389,"mat_lingue_87,dis_urbano_lingue,dis_plant87_lingue",1052.367753,1135.988787,-83.62103408,1133.988787,1044.367753,89.62103408,0.079031676,0.668849559,0.69058052,0.67145,0.849805226
607,0.476230389,"bn_lingue_87,mat_lingue_87,dis_comunidades_lingue,dis_plant87_lingue,predios_lingue1",1052.384596,1135.988787,-83.60419154,1122.878679,1040.384596,82.49408348,0.073466604,0.664099658,0.686979106,0.703933272,0.946469517
608,0.490079589,"bn_lingue_87,cul_prad_lingue_87,dis_comunidades_lingue,dis_caminos_lingue,dis_hid_lingue,predios_lingue1",1052.471669,1135.988787,-83.51711875,1122.878679,1038.471669,84.40701069,0.075170196,0.675986461,0.694575695,0.718166514,0.932658285
609,0.489813501,"dis_urbano_lingue,dis_plant87_lingue,predios_lingue1",1052.545176,1135.988787,-83.44361177,1122.878679,1044.545176,78.33350372,0.069761324,0.665543213,0.67485261,0.668197123,0.864046875
610,0.476817202,"cul_prad_lingue_87,dis_comunidades_lingue,dis_urbano_lingue,dis_hid_lingue,dis_plant87_lingue",1052.568176,1135.988787,-83.42061128,1133.988787,1040.568176,93.42061128,0.082382306,0.681532664,0.697825814,0.700875,0.846068862
611,0.471165656,"bn_lingue_87,cul_prad_lingue_87,dis_urbano_lingue,dis_hid_lingue,dis_plant87_lingue",1052.605223,1135.988787,-83.38356482,1133.988787,1040.605223,93.38356482,0.082349637,0.671471294,0.688392585,0.6853,0.910986711
612,0.474769966,"cul_prad_lingue_87,dis_comunidades_lingue,dis_urbano_lingue,dis_caminos_lingue,dis_hid_lingue,dis_plant87_lingue",1052.609879,1135.988787,-83.37890878,1133.988787,1038.609879,95.37890878,0.084109217,0.682357059,0.699786587,0.697675,0.849317044
613,0.486353691,"bn_lingue_87,cul_prad_lingue_87,dis_comunidades_lingue,predios_lingue1",1052.716492,1135.988787,-83.27229542,1122.878679,1042.716492,80.16218736,0.071389892,0.673576299,0.687631462,0.713371085,0.929529323
614,0.478934519,"cul_prad_lingue_87,dis_comunidades_lingue,dis_caminos_lingue,dis_hid_lingue,pen_lingue15,dis_plant87_lingue",1052.786146,1135.988787,-83.20264141,1133.988787,1038.786146,95.20264141,0.083953777,0.683233622,0.693168979,0.727625,0.856737422
615,0.478198971,"mat_lingue_87,dis_urbano_lingue,dis_caminos_lingue,dis_hid_lingue,dis_plant87_lingue",1052.862045,1135.988787,-83.12674251,1133.988787,1040.862045,93.12674251,0.08212316,0.672195182,0.693940137,0.672125,0.853728826
616,0.476418302,"bn_lingue_87,mat_lingue_87,cul_prad_lingue_87,dis_comunidades_lingue,dis_caminos_lingue,dis_plant87_lingue,predios_lingue1",1052.934686,1135.988787,-83.05410183,1122.878679,1036.934686,85.94399377,0.076538984,0.663051972,0.690106755,0.697581879,0.821950886
617,0.479293364,"bn_lingue_87,dis_comunidades_lingue,dis_caminos_lingue,dis_plant87_lingue,predios_lingue1",1052.971908,1135.988787,-83.01687904,1122.878679,1040.971908,81.90677098,0.072943562,0.668460052,0.688442334,0.708575656,0.965645921
618,0.48293766,"dis_urbano_lingue,dis_caminos_lingue,dis_hid_lingue,dis_plant87_lingue,predios_lingue1",1053.066013,1135.988787,-82.9227739,1122.878679,1041.066013,81.81266585,0.072859755,0.668596604,0.678724066,0.667967554,0.868731106
619,0.48172244,"cul_prad_lingue_87,dis_comunidades_lingue,pen_lingue15,dis_plant87_lingue",1053.111637,1135.988787,-82.87715003,1133.988787,1043.111637,90.87715003,0.080139373,0.683295041,0.688329816,0.724675,0.856808495
620,0.484015928,"bn_lingue_87,cul_prad_lingue_87,dis_comunidades_lingue,dis_caminos_lingue,dis_hid_lingue,dis_plant87_lingue,predios_lingue1",1053.129754,1135.988787,-82.85903354,1122.878679,1037.129754,85.74892548,0.076365263,0.671651671,0.695276824,0.717044179,0.956780857
621,0.486697555,"cul_prad_lingue_87,dis_comunidades_lingue,dis_caminos_lingue,pen_lingue15",1053.197318,1135.988787,-82.79146913,1133.988787,1043.197318,90.79146913,0.080063816,0.684659301,0.686796468,0.724875,0.844922539
622,0.48042164,"bn_lingue_87,cul_prad_lingue_87,dis_comunidades_lingue,dis_plant87_lingue,predios_lingue1",1053.207434,1135.988787,-82.7813531,1122.878679,1041.207434,81.67124505,0.07273381,0.668560949,0.68824114,0.710922355,0.957678275
623,0.483085655,"mat_lingue_87,cul_prad_lingue_87,dis_comunidades_lingue,dis_hid_lingue",1053.330273,1135.988787,-82.65851393,1133.988787,1043.330273,90.65851393,0.07994657,0.668868743,0.698626861,0.70535,0.774643367
624,0.478575848,"mat_lingue_87,dis_urbano_lingue,dis_hid_lingue,dis_plant87_lingue",1053.351799,1135.988787,-82.63698794,1133.988787,1043.351799,90.63698794,0.079927587,0.668772906,0.689833275,0.6732,0.851183603
625,0.480154382,"bn_lingue_87,mat_lingue_87,dis_comunidades_lingue,dis_caminos_lingue,predios_lingue1",1053.51345,1135.988787,-82.47533739,1122.878679,1041.51345,81.36522934,0.072461283,0.668836363,0.686948622,0.703397612,0.924919078
626,0.466605808,"mat_lingue_87,dis_comunidades_lingue,dis_caminos_lingue,dis_hid_lingue,pen_lingue15,dis_plant87_lingue,predios_lingue1",1053.602555,1135.988787,-82.38623288,1122.878679,1037.602555,85.27612482,0.075944202,0.667843698,0.68841185,0.710947862,0.863590877
627,0.47273296,"mat_lingue_87,dis_comunidades_lingue,pen_lingue15,dis_plant87_lingue,predios_lingue1",1053.612399,1135.988787,-82.37638852,1122.878679,1041.612399,81.26628047,0.072373162,0.666363008,0.682906457,0.706433017,0.865184399
628,0.472742082,"cul_prad_lingue_87,dis_urbano_lingue,dis_caminos_lingue,dis_hid_lingue",1053.667736,1135.988787,-82.32105126,1133.988787,1043.667736,90.32105126,0.079648981,0.672461398,0.684506908,0.675675,0.852712113
629,0.475529575,"mat_lingue_87,cul_prad_lingue_87,dis_comunidades_lingue,dis_hid_lingue,dis_plant87_lingue",1053.770365,1135.988787,-82.21842247,1133.988787,1041.770365,92.21842247,0.081322164,0.665141224,0.699720829,0.7047,0.799478527
630,0.468911685,"cul_prad_lingue_87,dis_urbano_lingue,dis_caminos_lingue,dis_plant87_lingue",1053.912463,1135.988787,-82.07632441,1133.988787,1043.912463,90.07632441,0.07943317,0.671686918,0.683915089,0.675475,0.854987162
631,0.475488371,"mat_lingue_87,dis_comunidades_lingue,dis_caminos_lingue,pen_lingue15,predios_lingue1",1053.99799,1135.988787,-81.99079713,1122.878679,1041.99799,80.88068907,0.072029766,0.668274152,0.681930972,0.706994184,0.852237395
632,0.486367629,"dis_urbano_lingue,dis_hid_lingue,dis_plant87_lingue,predios_lingue1",1053.998773,1135.988787,-81.99001432,1122.878679,1043.998773,78.87990626,0.070247933,0.665798132,0.673834448,0.667457402,0.865788186
633,0.476033361,"bn_lingue_87,mat_lingue_87,dis_comunidades_lingue,dis_caminos_lingue,dis_plant87_lingue,predios_lingue1",1054.140604,1135.988787,-81.84818313,1122.878679,1040.140604,82.73807508,0.073683895,0.664847165,0.688186269,0.703244567,0.949775929
634,0.480126741,"dis_comunidades_lingue,dis_hid_lingue,pen_lingue15,predios_lingue1",1054.145134,1135.988787,-81.84365311,1122.878679,1044.145134,78.73354505,0.070117588,0.67632176,0.684272136,0.718319559,0.871990475
635,0.484766549,"bn_lingue_87,cul_prad_lingue_87,dis_comunidades_lingue,dis_caminos_lingue,predios_lingue1",1054.214558,1135.988787,-81.77422931,1122.878679,1042.214558,80.66412125,0.071836898,0.673660663,0.687668043,0.710182634,0.933740662
636,0.470205964,"cul_prad_lingue_87,dis_urbano_lingue",1054.414898,1135.988787,-81.57388939,1133.988787,1048.414898,85.57388939,0.07546273,0.669839351,0.678612634,0.678275,0.84483839
637,0.496127104,"dis_comunidades_lingue,dis_urbano_lingue,dis_caminos_lingue",1054.540806,1135.988787,-81.44798129,1133.988787,1046.540806,87.44798129,0.077115384,0.682550527,0.695350936,0.6846,0.863823826
638,0.490261704,"dis_comunidades_lingue,dis_urbano_lingue",1054.554366,1135.988787,-81.434421,1133.988787,1048.554366,85.434421,0.075339741,0.680260804,0.690006636,0.68435,0.85570632
639,0.483053279,"cul_prad_lingue_87,dis_comunidades_lingue,dis_caminos_lingue,pen_lingue15,dis_plant87_lingue",1054.72959,1135.988787,-81.25919725,1133.988787,1042.72959,91.25919725,0.080476278,0.682496977,0.687448066,0.7252,0.857610418
640,0.479924066,"bn_lingue_87,cul_prad_lingue_87,dis_comunidades_lingue,dis_caminos_lingue,dis_plant87_lingue,predios_lingue1",1054.866436,1135.988787,-81.12235117,1122.878679,1040.866436,82.01224312,0.073037492,0.669093219,0.688734979,0.709825528,0.959021665
641,0.482743461,"mat_lingue_87,cul_prad_lingue_87,dis_comunidades_lingue,dis_caminos_lingue,dis_hid_lingue",1055.249803,1135.988787,-80.73898411,1133.988787,1043.249803,90.73898411,0.080017532,0.668895588,0.698614905,0.70435,0.775827699
642,0.482919163,"bn_lingue_87,mat_lingue_87,cul_prad_lingue_87,dis_comunidades_lingue,dis_hid_lingue",1055.257793,1135.988787,-80.73099436,1133.988787,1043.257793,90.73099436,0.080010486,0.667965819,0.698525236,0.70315,0.758176605
643,0.472427438,"cul_prad_lingue_87,dis_urbano_lingue,dis_hid_lingue",1055.527757,1135.988787,-80.46103073,1133.988787,1047.527757,86.46103073,0.076245049,0.671247653,0.680364178,0.679125,0.847039559
644,0.472632625,"mat_lingue_87,dis_comunidades_lingue,dis_caminos_lingue,pen_lingue15,dis_plant87_lingue,predios_lingue1",1055.560758,1135.988787,-80.42802947,1122.878679,1041.560758,81.31792142,0.072419152,0.666178914,0.682741844,0.706279971,0.865684664
645,0.471880552,"cul_prad_lingue_87,dis_urbano_lingue,dis_caminos_lingue,dis_hid_lingue,dis_plant87_lingue",1055.638027,1135.988787,-80.35076069,1133.988787,1043.638027,90.35076069,0.07967518,0.67175031,0.684345502,0.67565,0.85570741
646,0.475195434,"bn_lingue_87,mat_lingue_87,cul_prad_lingue_87,dis_comunidades_lingue,dis_hid_lingue,dis_plant87_lingue",1055.72923,1135.988787,-80.25955698,1133.988787,1041.72923,92.25955698,0.081358438,0.664457984,0.699589314,0.7035,0.786030726
647,0.475492949,"mat_lingue_87,cul_prad_lingue_87,dis_comunidades_lingue,dis_caminos_lingue,dis_hid_lingue,dis_plant87_lingue",1055.745487,1135.988787,-80.24330041,1133.988787,1041.745487,92.24330041,0.081344103,0.665141744,0.699649093,0.70375,0.799721873
648,0.496042382,"dis_comunidades_lingue,dis_urbano_lingue,dis_hid_lingue",1055.746136,1135.988787,-80.24265169,1133.988787,1047.746136,86.24265169,0.076052473,0.681366221,0.691034846,0.685825,0.856983395
649,0.479661592,"dis_comunidades_lingue,pen_lingue15,predios_lingue1",1055.880885,1135.988787,-80.10790271,1122.878679,1047.880885,74.99779465,0.066790648,0.674659718,0.678839905,0.714008775,0.872751822
650,0.481039466,"dis_comunidades_lingue,dis_hid_lingue,pen_lingue15,dis_plant87_lingue,predios_lingue1",1055.888611,1135.988787,-80.10017646,1122.878679,1043.888611,78.99006841,0.07034604,0.674640469,0.683930716,0.71671258,0.883153348
651,0.480205062,"dis_comunidades_lingue,dis_caminos_lingue,dis_hid_lingue,pen_lingue15,predios_lingue1",1056.142687,1135.988787,-79.8461001,1122.878679,1044.142687,78.73599204,0.070119768,0.67619238,0.684186781,0.718038976,0.87226439
652,0.494157458,"dis_comunidades_lingue,dis_urbano_lingue,dis_caminos_lingue,dis_hid_lingue",1056.16868,1135.988787,-79.82010738,1133.988787,1046.16868,87.82010738,0.077443541,0.682022894,0.693689062,0.68445,0.864305828
653,0.467510986,"cul_prad_lingue_87,dis_urbano_lingue,dis_plant87_lingue",1056.27087,1135.988787,-79.71791745,1133.988787,1048.27087,85.71791745,0.07558974,0.668473173,0.678499052,0.677325,0.851337808
654,0.480145168,"mat_lingue_87,cul_prad_lingue_87,dis_comunidades_lingue",1056.331999,1135.988787,-79.65678862,1133.988787,1048.331999,85.65678862,0.075535834,0.667570358,0.689555299,0.6986125,0.776905109
655,0.484071503,"dis_urbano_lingue,dis_caminos_lingue",1056.351813,1135.988787,-79.63697446,1133.988787,1050.351813,83.63697446,0.073754675,0.672302703,0.681852691,0.667625,0.870215377
656,0.490098265,"dis_comunidades_lingue,dis_urbano_lingue,dis_plant87_lingue",1056.432108,1135.988787,-79.55667897,1133.988787,1048.432108,85.55667897,0.075447553,0.679079296,0.690138151,0.6839,0.862768235
657,0.496254204,"dis_comunidades_lingue,dis_urbano_lingue,dis_caminos_lingue,dis_plant87_lingue",1056.512784,1135.988787,-79.47600382,1133.988787,1046.512784,87.47600382,0.077140096,0.681805302,0.69504606,0.68455,0.867492074
658,0.475126793,"mat_lingue_87,cul_prad_lingue_87,dis_comunidades_lingue,dis_plant87_lingue",1056.737263,1135.988787,-79.2515239,1133.988787,1046.737263,87.2515239,0.07694214,0.663063842,0.690741925,0.69665,0.80057971
659,0.472318028,"mat_lingue_87,dis_comunidades_lingue,dis_hid_lingue,pen_lingue15",1056.789799,1135.988787,-79.19898875,1133.988787,1046.789799,87.19898875,0.076895812,0.672302779,0.690879418,0.7126,0.852453511
660,0.482355215,"bn_lingue_87,mat_lingue_87,cul_prad_lingue_87,dis_comunidades_lingue,dis_caminos_lingue,dis_hid_lingue",1057.18569,1135.988787,-78.80309767,1133.988787,1043.18569,90.80309767,0.08007407,0.668036512,0.698417633,0.7023,0.760268507
661,0.469578976,"cul_prad_lingue_87,dis_urbano_lingue,dis_hid_lingue,dis_plant87_lingue",1057.386146,1135.988787,-78.60264108,1133.988787,1047.386146,86.60264108,0.076369927,0.669404381,0.679808227,0.67825,0.85358354
662,0.482785071,"bn_lingue_87,dis_comunidades_lingue,dis_hid_lingue",1057.533717,1135.988787,-78.45507087,1133.988787,1049.533717,84.45507087,0.074476108,0.67488435,0.694633581,0.718275,0.929513845
663,0.481030241,"dis_comunidades_lingue,pen_lingue15,dis_plant87_lingue,predios_lingue1",1057.600816,1135.988787,-78.38797179,1122.878679,1047.600816,75.27786373,0.067040069,0.67288449,0.67892526,0.712860933,0.885545888
664,0.495595399,"dis_comunidades_lingue,dis_urbano_lingue,dis_hid_lingue,dis_plant87_lingue",1057.626143,1135.988787,-78.36264477,1133.988787,1047.626143,86.36264477,0.076158288,0.679928562,0.691208207,0.685575,0.864343827
665,0.475236621,"bn_lingue_87,mat_lingue_87,cul_prad_lingue_87,dis_comunidades_lingue,dis_caminos_lingue,dis_hid_lingue,dis_plant87_lingue",1057.707454,1135.988787,-78.28133384,1133.988787,1041.707454,92.28133384,0.081377642,0.66448027,0.69957138,0.7027,0.786735784
666,0.47930717,"dis_comunidades_lingue,dis_caminos_lingue,pen_lingue15,predios_lingue1",1057.755845,1135.988787,-78.23294234,1122.878679,1047.755845,75.12283428,0.066902004,0.673953142,0.678016839,0.712758902,0.874673477
667,0.49235689,dis_urbano_lingue,1057.871285,1135.988787,-78.11750288,1133.988787,1053.871285,80.11750288,0.070651054,0.669440346,0.676771421,0.6672,0.862379467
668,0.481007179,"dis_comunidades_lingue,dis_caminos_lingue,dis_hid_lingue,pen_lingue15,dis_plant87_lingue,predios_lingue1",1057.888591,1135.988787,-78.10019658,1122.878679,1043.888591,78.99008852,0.070346058,0.674651598,0.683924619,0.716763596,0.883131445
669,0.478911522,"mat_lingue_87,cul_prad_lingue_87,dis_comunidades_lingue,dis_caminos_lingue",1057.898793,1135.988787,-78.08999428,1133.988787,1047.898793,86.08999428,0.075917853,0.6676883,0.689749583,0.69595,0.778454008
670,0.481648575,"bn_lingue_87,dis_comunidades_lingue,dis_hid_lingue,dis_plant87_lingue",1057.968195,1135.988787,-78.02059198,1133.988787,1047.968195,86.02059198,0.075856651,0.670899344,0.695823196,0.717675,0.95658395
671,0.484099293,"dis_urbano_lingue,dis_caminos_lingue,dis_hid_lingue",1058.097275,1135.988787,-77.89151215,1133.988787,1050.097275,83.89151215,0.073979137,0.671609254,0.680513627,0.666725,0.870944434
672,0.493950923,"dis_comunidades_lingue,dis_urbano_lingue,dis_caminos_lingue,dis_hid_lingue,dis_plant87_lingue",1058.13523,1135.988787,-77.85355762,1133.988787,1046.13523,87.85355762,0.077473039,0.681077764,0.693569503,0.683625,0.868160686
673,0.480135954,"bn_lingue_87,mat_lingue_87,cul_prad_lingue_87,dis_comunidades_lingue",1058.331898,1135.988787,-77.65688935,1133.988787,1048.331898,85.65688935,0.075535923,0.667538488,0.689585189,0.6985125,0.776205584
674,0.484168771,"dis_urbano_lingue,dis_caminos_lingue,dis_plant87_lingue",1058.351769,1135.988787,-77.63701798,1133.988787,1050.351769,83.63701798,0.073754713,0.672331016,0.681846713,0.6676,0.870080086
675,0.466985847,"mat_lingue_87,dis_comunidades_lingue,dis_hid_lingue,pen_lingue15,dis_plant87_lingue",1058.37339,1135.988787,-77.61539713,1133.988787,1046.37339,87.61539713,0.077263019,0.670431727,0.689827297,0.7108,0.865555797
676,0.481357801,"bn_lingue_87,mat_lingue_87,dis_comunidades_lingue,dis_hid_lingue",1058.411716,1135.988787,-77.57707149,1133.988787,1048.411716,85.57707149,0.075465536,0.671386435,0.69440044,0.7138,0.911757293
677,0.474971232,"mat_lingue_87,cul_prad_lingue_87,dis_comunidades_lingue,dis_caminos_lingue,dis_plant87_lingue",1058.455447,1135.988787,-77.53334081,1133.988787,1046.455447,87.53334081,0.077190658,0.663389712,0.691297876,0.6955,0.800789387
678,0.475254927,"bn_lingue_87,mat_lingue_87,cul_prad_lingue_87,dis_comunidades_lingue,dis_plant87_lingue",1058.733997,1135.988787,-77.25479001,1133.988787,1046.733997,87.25479001,0.07694502,0.66323272,0.690729969,0.697,0.804284504
679,0.472409202,"mat_lingue_87,dis_comunidades_lingue,dis_caminos_lingue,dis_hid_lingue,pen_lingue15",1058.789077,1135.988787,-77.19971083,1133.988787,1046.789077,87.19971083,0.076896449,0.672354641,0.690771815,0.712725,0.852310679
680,0.474518462,"bn_lingue_87,mat_lingue_87,dis_comunidades_lingue,dis_hid_lingue,dis_plant87_lingue",1058.857098,1135.988787,-77.13168915,1133.988787,1046.857098,87.13168915,0.076836464,0.667946841,0.69610416,0.712325,0.94032164
681,0.489314259,"dis_urbano_lingue,dis_hid_lingue",1059.102884,1135.988787,-76.8859035,1133.988787,1053.102884,80.8859035,0.071328663,0.669854611,0.676071999,0.66675,0.863735113
682,0.475937157,"mat_lingue_87,dis_comunidades_lingue,pen_lingue15",1059.147962,1135.988787,-76.84082513,1133.988787,1051.147962,82.84082513,0.073052596,0.671690641,0.684393326,0.7084875,0.854306714
683,0.48459041,"bn_lingue_87,dis_comunidades_lingue",1059.272902,1135.988787,-76.71588568,1133.988787,1053.272902,80.71588568,0.071178733,0.6729293,0.686198672,0.71125,0.929408507
684,0.484469917,"bn_lingue_87,cul_prad_lingue_87,dis_comunidades_lingue,dis_hid_lingue",1059.302786,1135.988787,-76.68600132,1133.988787,1049.302786,84.68600132,0.074679752,0.675860734,0.695279201,0.719425,0.916327561
685,0.483937203,"bn_lingue_87,dis_comunidades_lingue,dis_caminos_lingue,dis_hid_lingue",1059.388465,1135.988787,-76.60032248,1133.988787,1049.388465,84.60032248,0.074604197,0.675127018,0.695602011,0.716425,0.932912176
686,0.480481556,"dis_comunidades_lingue,dis_caminos_lingue,pen_lingue15,dis_plant87_lingue,predios_lingue1",1059.511655,1135.988787,-76.47713241,1122.878679,1047.511655,75.36702436,0.067119472,0.672423378,0.677980259,0.712631364,0.88612507
687,0.476830961,"bn_lingue_87,dis_comunidades_lingue,dis_plant87_lingue",1059.643768,1135.988787,-76.3450189,1133.988787,1051.643768,82.3450189,0.072615373,0.668357245,0.688225202,0.7108,0.959167253
688,0.481431638,"bn_lingue_87,cul_prad_lingue_87,dis_comunidades_lingue,dis_hid_lingue,dis_plant87_lingue",1059.743025,1135.988787,-76.24576213,1133.988787,1047.743025,86.24576213,0.076055216,0.671714377,0.696618265,0.718675,0.946434349
689,0.490476564,"dis_urbano_lingue,dis_plant87_lingue",1059.829489,1135.988787,-76.15929795,1133.988787,1053.829489,80.15929795,0.070687911,0.668725465,0.676520346,0.66655,0.865832049
690,0.478911522,"bn_lingue_87,mat_lingue_87,cul_prad_lingue_87,dis_comunidades_lingue,dis_caminos_lingue",1059.898534,1135.988787,-76.09025379,1133.988787,1047.898534,86.09025379,0.075918082,0.66773529,0.689767517,0.696075,0.779525244
691,0.481117884,"bn_lingue_87,dis_comunidades_lingue,dis_caminos_lingue,dis_hid_lingue,dis_plant87_lingue",1059.902382,1135.988787,-76.08640587,1133.988787,1047.902382,86.08640587,0.075914689,0.671025423,0.696032424,0.716225,0.95797324
692,0.484085398,"dis_urbano_lingue,dis_caminos_lingue,dis_hid_lingue,dis_plant87_lingue",1060.097261,1135.988787,-75.89152625,1133.988787,1050.097261,83.89152625,0.07397915,0.671592454,0.680501671,0.66665,0.871014208
693,0.481459328,"bn_lingue_87,mat_lingue_87,dis_comunidades_lingue,dis_caminos_lingue,dis_hid_lingue",1060.325888,1135.988787,-75.66289987,1133.988787,1048.325888,85.66289987,0.075541223,0.671559869,0.694920523,0.712725,0.914995785
694,0.481445483,"bn_lingue_87,mat_lingue_87,dis_comunidades_lingue",1060.332681,1135.988787,-75.65610688,1133.988787,1052.332681,81.65610688,0.072007861,0.668683005,0.685158506,0.7048375,0.911083618
695,0.46717594,"mat_lingue_87,dis_comunidades_lingue,dis_caminos_lingue,dis_hid_lingue,pen_lingue15,dis_plant87_lingue",1060.363724,1135.988787,-75.62506313,1133.988787,1046.363724,87.62506313,0.077271543,0.670611505,0.689910988,0.711325,0.865219254
696,0.481104045,"dis_comunidades_lingue,dis_hid_lingue,pen_lingue15",1060.388017,1135.988787,-75.60076997,1133.988787,1052.388017,81.60076997,0.071959062,0.678139038,0.686826358,0.718125,0.871544808
697,0.472591583,"mat_lingue_87,dis_comunidades_lingue,dis_hid_lingue,predios_lingue1",1060.389161,1135.988787,-75.59962595,1122.878679,1050.389161,72.48951789,0.064556857,0.660684671,0.691533401,0.689189879,0.832083417
698,0.475209163,"bn_lingue_87,mat_lingue_87,cul_prad_lingue_87,dis_comunidades_lingue,dis_caminos_lingue,dis_plant87_lingue",1060.449906,1135.988787,-75.53888094,1133.988787,1046.449906,87.53888094,0.077195544,0.663605613,0.691435369,0.696025,0.805649623
699,0.484076135,"cul_prad_lingue_87,dis_comunidades_lingue,dis_hid_lingue,predios_lingue1",1060.548051,1135.988787,-75.44073602,1122.878679,1050.548051,72.33062797,0.064415354,0.675247334,0.690234787,0.706484032,0.823273242
700,0.475937157,"bn_lingue_87,mat_lingue_87,dis_comunidades_lingue,dis_plant87_lingue",1060.715168,1135.988787,-75.27361927,1133.988787,1050.715168,83.27361927,0.073434253,0.664913352,0.68720297,0.703125,0.942005139
701,0.473755327,"mat_lingue_87,dis_comunidades_lingue,pen_lingue15,dis_plant87_lingue",1060.727508,1135.988787,-75.26127918,1133.988787,1050.727508,83.26127918,0.073423371,0.669565209,0.684303657,0.70655,0.867732278
702,0.481030241,"bn_lingue_87,dis_comunidades_lingue,dis_caminos_lingue",1060.770505,1135.988787,-75.21828282,1133.988787,1052.770505,81.21828282,0.071621769,0.673296456,0.687699141,0.708925,0.934803429
703,0.474719659,"bn_lingue_87,mat_lingue_87,dis_comunidades_lingue,dis_caminos_lingue,dis_hid_lingue,dis_plant87_lingue",1060.828784,1135.988787,-75.16000381,1133.988787,1046.828784,87.16000381,0.076861434,0.668060825,0.69642697,0.7119,0.941607849
704,0.475286964,"mat_lingue_87,dis_comunidades_lingue,dis_caminos_lingue,pen_lingue15",1061.054893,1135.988787,-74.93389464,1133.988787,1051.054893,82.93389464,0.073134669,0.671123869,0.683891177,0.706975,0.855779454
705,0.488442554,"dis_urbano_lingue,dis_hid_lingue,dis_plant87_lingue",1061.062397,1135.988787,-74.92639013,1133.988787,1053.062397,80.92639013,0.071364365,0.668840714,0.675689409,0.665725,0.867446918
706,0.484622853,"bn_lingue_87,cul_prad_lingue_87,dis_comunidades_lingue",1061.112455,1135.988787,-74.87633217,1133.988787,1053.112455,80.87633217,0.071320222,0.673574655,0.686082101,0.7124875,0.91609131
707,0.483988142,"bn_lingue_87,cul_prad_lingue_87,dis_comunidades_lingue,dis_caminos_lingue,dis_hid_lingue",1061.13433,1135.988787,-74.85445783,1133.988787,1049.13433,84.85445783,0.074828304,0.676131758,0.696062314,0.71765,0.919707224
708,0.476432053,"bn_lingue_87,dis_comunidades_lingue,dis_caminos_lingue,dis_plant87_lingue",1061.307295,1135.988787,-74.68149269,1133.988787,1051.307295,82.68149269,0.07291209,0.669038947,0.689313192,0.710075,0.960793717
709,0.477239263,"bn_lingue_87,cul_prad_lingue_87,dis_comunidades_lingue,dis_plant87_lingue",1061.486271,1135.988787,-74.5025161,1133.988787,1051.486271,82.5025161,0.072754261,0.668915241,0.688697461,0.7125,0.949642185
710,0.481477789,"bn_lingue_87,cul_prad_lingue_87,dis_comunidades_lingue,dis_caminos_lingue,dis_hid_lingue,dis_plant87_lingue",1061.661235,1135.988787,-74.32755202,1133.988787,1047.661235,86.32755202,0.076127342,0.671875543,0.696690001,0.718,0.947808502
711,0.465186929,"mat_lingue_87,dis_comunidades_lingue,dis_hid_lingue,dis_plant87_lingue,predios_lingue1",1061.692346,1135.988787,-74.29644102,1122.878679,1049.692346,73.18633297,0.065177418,0.658276791,0.691655337,0.686230997,0.854943286
712,0.478994315,"cul_prad_lingue_87,dis_comunidades_lingue,dis_hid_lingue,dis_plant87_lingue,predios_lingue1",1061.857773,1135.988787,-74.13101444,1122.878679,1049.857773,73.02090638,0.065030094,0.671819464,0.691557788,0.705157637,0.846316607
713,0.48137626,"bn_lingue_87,mat_lingue_87,dis_comunidades_lingue,dis_caminos_lingue",1061.927632,1135.988787,-74.06115505,1133.988787,1051.927632,82.06115505,0.07236505,0.66948339,0.686736689,0.70245,0.917714968
714,0.481791696,"dis_comunidades_lingue,dis_hid_lingue,pen_lingue15,dis_plant87_lingue",1062.153215,1135.988787,-73.83557236,1133.988787,1052.153215,81.83557236,0.072166121,0.676661758,0.686294319,0.71675,0.882364405
715,0.479316373,"dis_comunidades_lingue,pen_lingue15",1062.36734,1135.988787,-73.62144786,1133.988787,1056.36734,77.62144786,0.068449925,0.67675192,0.681030721,0.7128125,0.873625827
716,0.472815062,"mat_lingue_87,dis_comunidades_lingue,dis_caminos_lingue,dis_hid_lingue,predios_lingue1",1062.385891,1135.988787,-73.60289651,1122.878679,1050.385891,72.49278846,0.064559769,0.660701639,0.691722401,0.689240894,0.831636102
717,0.481140949,"dis_comunidades_lingue,dis_caminos_lingue,dis_hid_lingue,pen_lingue15",1062.386351,1135.988787,-73.60243652,1133.988787,1052.386351,81.60243652,0.071960532,0.678034356,0.686712777,0.71795,0.871800999
718,0.475570781,"bn_lingue_87,mat_lingue_87,dis_comunidades_lingue,dis_caminos_lingue,dis_plant87_lingue",1062.457464,1135.988787,-73.53132336,1133.988787,1050.457464,83.53132336,0.073661507,0.665707428,0.688338783,0.703175,0.945122948
719,0.484201196,"cul_prad_lingue_87,dis_comunidades_lingue,dis_caminos_lingue,dis_hid_lingue,predios_lingue1",1062.467441,1135.988787,-73.52134619,1122.878679,1050.467441,72.41123814,0.064487143,0.674903334,0.690564013,0.705132129,0.825530963
720,0.472536864,"mat_lingue_87,dis_comunidades_lingue,predios_lingue1",1062.531921,1135.988787,-73.45686622,1122.878679,1054.531921,68.34675817,0.060867447,0.65469218,0.676303644,0.678808285,0.832911222
721,0.481565485,"bn_lingue_87,cul_prad_lingue_87,dis_comunidades_lingue,dis_caminos_lingue",1062.568943,1135.988787,-73.41984483,1133.988787,1052.568943,81.41984483,0.071799515,0.673910666,0.687776855,0.7098,0.921402995
722,0.473011232,"mat_lingue_87,dis_comunidades_lingue,dis_caminos_lingue,pen_lingue15,dis_plant87_lingue",1062.672192,1135.988787,-73.31659561,1133.988787,1050.672192,83.31659561,0.073472151,0.669256718,0.68414823,0.70605,0.868179424
723,0.481302429,"cul_prad_lingue_87,dis_comunidades_lingue,predios_lingue1",1062.90806,1135.988787,-73.08072785,1122.878679,1054.90806,67.97061979,0.06053247,0.668486967,0.673371093,0.69778594,0.817721346
724,0.475877608,"bn_lingue_87,cul_prad_lingue_87,dis_comunidades_lingue,dis_caminos_lingue,dis_plant87_lingue",1063.115911,1135.988787,-72.87287648,1133.988787,1051.115911,82.87287648,0.073080861,0.669600091,0.690000658,0.710375,0.950902748
725,0.465778548,"mat_lingue_87,dis_comunidades_lingue,dis_caminos_lingue,dis_hid_lingue,dis_plant87_lingue,predios_lingue1",1063.670216,1135.988787,-72.31857095,1122.878679,1049.670216,73.2084629,0.065197126,0.658342522,0.691728498,0.686562596,0.854306605
726,0.468621353,"mat_lingue_87,dis_comunidades_lingue,dis_plant87_lingue,predios_lingue1",1063.780894,1135.988787,-72.20789363,1122.878679,1053.780894,69.09778557,0.061536288,0.652101814,0.677242548,0.67577288,0.858499803
727,0.478828739,"cul_prad_lingue_87,dis_comunidades_lingue,dis_caminos_lingue,dis_hid_lingue,dis_plant87_lingue,predios_lingue1",1063.81742,1135.988787,-72.17136789,1122.878679,1049.81742,73.06125983,0.065066032,0.671651312,0.691411466,0.70406081,0.847273512
728,0.480735099,"dis_comunidades_lingue,pen_lingue15,dis_plant87_lingue",1064.121548,1135.988787,-71.86723893,1133.988787,1056.121548,77.86723893,0.068666674,0.675244223,0.6807378,0.71215,0.885717018
729,0.475731048,"cul_prad_lingue_87,dis_comunidades_lingue,dis_plant87_lingue,predios_lingue1",1064.148758,1135.988787,-71.84002956,1122.878679,1054.148758,68.7299215,0.06120868,0.665352518,0.674413642,0.696944189,0.841816737
730,0.481805548,"dis_comunidades_lingue,dis_caminos_lingue,dis_hid_lingue,pen_lingue15,dis_plant87_lingue",1064.153079,1135.988787,-71.8357087,1133.988787,1052.153079,81.8357087,0.072166242,0.676691206,0.686360077,0.716675,0.882314774
731,0.479136923,"dis_comunidades_lingue,dis_caminos_lingue,pen_lingue15",1064.238628,1135.988787,-71.75015933,1133.988787,1056.238628,77.75015933,0.068563429,0.67595568,0.680023434,0.711475,0.875539856
732,0.472062802,"mat_lingue_87,dis_comunidades_lingue,dis_caminos_lingue,predios_lingue1",1064.454884,1135.988787,-71.53390323,1122.878679,1054.454884,68.42379517,0.060936053,0.65495774,0.676559709,0.677252321,0.834999374
733,0.480785818,"cul_prad_lingue_87,dis_comunidades_lingue,dis_caminos_lingue,predios_lingue1",1064.521059,1135.988787,-71.46772795,1122.878679,1054.521059,68.3576199,0.06087712,0.66881205,0.676071966,0.696000408,0.822841916
734,0.46807729,"mat_lingue_87,dis_comunidades_lingue,dis_caminos_lingue,dis_plant87_lingue,predios_lingue1",1065.747752,1135.988787,-70.24103528,1122.878679,1053.747752,69.13092723,0.061565803,0.652374021,0.677474226,0.67556882,0.858894442
735,0.474925485,"cul_prad_lingue_87,dis_comunidades_lingue,dis_caminos_lingue,dis_plant87_lingue,predios_lingue1",1065.863164,1135.988787,-70.12562352,1122.878679,1053.863164,69.01551547,0.061463021,0.665708936,0.676029289,0.695643302,0.84443497
736,0.479965517,"dis_comunidades_lingue,dis_caminos_lingue,pen_lingue15,dis_plant87_lingue",1066.027344,1135.988787,-69.9614438,1133.988787,1056.027344,77.9614438,0.068749748,0.674666182,0.680017456,0.711525,0.88628732
737,0.478130051,"dis_comunidades_lingue,dis_hid_lingue,predios_lingue1",1067.424393,1135.988787,-68.5643939,1122.878679,1059.424393,63.45428584,0.056510367,0.673933482,0.692417434,0.69523518,0.861960555
738,0.466804851,"mat_lingue_87,cul_prad_lingue_87,dis_hid_lingue,pen_lingue15,predios_lingue1",1067.58544,1135.988787,-68.40334768,1122.878679,1055.58544,67.29323962,0.059929217,0.637691722,0.660961096,0.690057137,0.841291088
739,0.479965517,"cul_prad_lingue_87,dis_comunidades_lingue,dis_hid_lingue",1067.886488,1135.988787,-68.10229929,1133.988787,1059.886488,74.10229929,0.065346589,0.675776865,0.693270605,0.709275,0.813541418
740,0.47354526,"mat_lingue_87,dis_comunidades_lingue,dis_hid_lingue",1068.44101,1135.988787,-67.54777743,1133.988787,1060.44101,73.54777743,0.064857588,0.663846268,0.692104901,0.69065,0.833050563
741,0.464415381,"mat_lingue_87,cul_prad_lingue_87,dis_caminos_lingue,dis_hid_lingue,pen_lingue15,predios_lingue1",1068.853958,1135.988787,-67.13482947,1122.878679,1054.853958,68.02472141,0.060580651,0.637024984,0.659244853,0.686970717,0.845042553
742,0.459588038,"mat_lingue_87,cul_prad_lingue_87,dis_hid_lingue,pen_lingue15,dis_plant87_lingue,predios_lingue1",1068.968514,1135.988787,-67.02027339,1122.878679,1054.968514,67.91016533,0.060478631,0.633713739,0.661628694,0.688016529,0.859591635
743,0.477675339,"dis_comunidades_lingue,dis_hid_lingue,dis_plant87_lingue,predios_lingue1",1068.990122,1135.988787,-66.9986657,1122.878679,1058.990122,63.88855764,0.056897115,0.67154498,0.692929564,0.692965004,0.882426082
744,0.47451389,"cul_prad_lingue_87,dis_comunidades_lingue,dis_hid_lingue,dis_plant87_lingue",1069.098997,1135.988787,-66.88979005,1133.988787,1059.098997,74.88979005,0.066041032,0.672255762,0.694884655,0.7083,0.839228163
745,0.477340226,"dis_comunidades_lingue,predios_lingue1",1069.225412,1135.988787,-66.7633751,1122.878679,1063.225412,59.65326705,0.0531253,0.665347553,0.675974418,0.684470972,0.863328641
746,0.468997899,"bn_lingue_87,dis_hid_lingue,pen_lingue15,predios_lingue1",1069.291135,1135.988787,-66.69765266,1122.878679,1059.291135,63.5875446,0.056629043,0.642088724,0.658988788,0.698780737,0.952580912
747,0.478107079,"dis_comunidades_lingue,dis_caminos_lingue,dis_hid_lingue,predios_lingue1",1069.423382,1135.988787,-66.56540512,1122.878679,1059.423382,63.45529707,0.056511267,0.673896457,0.692447918,0.69513315,0.862269432
748,0.467479286,"bn_lingue_87,mat_lingue_87,cul_prad_lingue_87,dis_hid_lingue,pen_lingue15,predios_lingue1",1069.545201,1135.988787,-66.44358603,1122.878679,1055.545201,67.33347798,0.059965052,0.638646213,0.662046323,0.691255994,0.859602527
749,0.466203363,"mat_lingue_87,dis_comunidades_lingue,dis_hid_lingue,dis_plant87_lingue",1069.734764,1135.988787,-66.25402382,1133.988787,1059.734764,74.25402382,0.065480386,0.661638772,0.692296196,0.6871,0.856560759
750,0.48002079,"cul_prad_lingue_87,dis_comunidades_lingue,dis_caminos_lingue,dis_hid_lingue",1069.792089,1135.988787,-66.19669843,1133.988787,1059.792089,74.19669843,0.065429834,0.675400825,0.69363526,0.7079,0.815926461
751,0.477670748,"cul_prad_lingue_87,dis_comunidades_lingue",1070.022112,1135.988787,-65.96667537,1133.988787,1064.022112,69.96667537,0.061699618,0.669536862,0.676329051,0.69875,0.811112935
752,0.458254243,"mat_lingue_87,cul_prad_lingue_87,dis_caminos_lingue,dis_hid_lingue,pen_lingue15,dis_plant87_lingue,predios_lingue1",1070.35613,1135.988787,-65.63265722,1122.878679,1054.35613,68.52254916,0.061024001,0.633703339,0.660226434,0.685338231,0.860184572
753,0.473892358,"mat_lingue_87,dis_comunidades_lingue,dis_caminos_lingue,dis_hid_lingue",1070.436084,1135.988787,-65.55270374,1133.988787,1060.436084,73.55270374,0.064861932,0.663874565,0.692290218,0.69085,0.83246863
754,0.466031599,"bn_lingue_87,dis_caminos_lingue,dis_hid_lingue,pen_lingue15,predios_lingue1",1070.463301,1135.988787,-65.52548687,1122.878679,1058.463301,64.41537882,0.057366285,0.641165892,0.657354851,0.694878074,0.954303188
755,0.471020029,"bn_lingue_87,cul_prad_lingue_87,dis_hid_lingue,pen_lingue15,predios_lingue1",1070.629915,1135.988787,-65.35887233,1122.878679,1058.629915,64.24876428,0.057217904,0.644543267,0.657674932,0.70077033,0.944710736
756,0.462379876,"bn_lingue_87,dis_hid_lingue,pen_lingue15,dis_plant87_lingue,predios_lingue1",1070.664216,1135.988787,-65.32457176,1122.878679,1058.664216,64.2144637,0.057187357,0.637971223,0.658946111,0.698194062,0.958970229
757,0.475914253,"dis_comunidades_lingue,dis_plant87_lingue,predios_lingue1",1070.739449,1135.988787,-65.24933832,1122.878679,1062.739449,60.13923027,0.053558084,0.663065902,0.67697429,0.682022243,0.886943474
758,0.473837543,"mat_lingue_87,dis_comunidades_lingue",1070.759097,1135.988787,-65.22969007,1133.988787,1064.759097,69.22969007,0.061049713,0.65832779,0.677405085,0.678425,0.836114293
759,0.465385587,"bn_lingue_87,mat_lingue_87,cul_prad_lingue_87,dis_caminos_lingue,dis_hid_lingue,pen_lingue15,predios_lingue1",1070.791873,1135.988787,-65.19691416,1122.878679,1054.791873,68.0868061,0.060635942,0.638157798,0.660250822,0.687914499,0.865571352
760,0.459762776,"bn_lingue_87,mat_lingue_87,cul_prad_lingue_87,dis_hid_lingue,pen_lingue15,dis_plant87_lingue,predios_lingue1",1070.914495,1135.988787,-65.07429263,1122.878679,1054.914495,67.96418458,0.060526739,0.634737898,0.662817566,0.689266401,0.877875214
761,0.477767178,"dis_comunidades_lingue,dis_caminos_lingue,dis_hid_lingue,dis_plant87_lingue,predios_lingue1",1070.988577,1135.988787,-65.00021037,1122.878679,1058.988577,63.89010232,0.056898491,0.671590392,0.693057596,0.692939496,0.882212171
762,0.474724232,"cul_prad_lingue_87,dis_comunidades_lingue,dis_caminos_lingue,dis_hid_lingue,dis_plant87_lingue",1071.051608,1135.988787,-64.93717917,1133.988787,1059.051608,74.93717917,0.066082822,0.672041752,0.694549889,0.707925,0.840229639
763,0.477946295,"dis_comunidades_lingue,dis_caminos_lingue,predios_lingue1",1071.101107,1135.988787,-64.88768002,1122.878679,1063.101107,59.77757197,0.053236002,0.665722251,0.677090129,0.683986328,0.866124928
764,0.462397865,"bn_lingue_87,mat_lingue_87,dis_hid_lingue,pen_lingue15,predios_lingue1",1071.171588,1135.988787,-64.81719929,1122.878679,1059.171588,63.70709123,0.056735507,0.640157289,0.660211192,0.69778594,0.950592372
765,0.472431997,"cul_prad_lingue_87,dis_comunidades_lingue,dis_plant87_lingue",1071.184885,1135.988787,-64.80390193,1133.988787,1063.184885,70.80390193,0.062437921,0.666291408,0.677258625,0.69795,0.836780613
766,0.477239263,"cul_prad_lingue_87,dis_comunidades_lingue,dis_caminos_lingue",1071.6054,1135.988787,-64.38338713,1133.988787,1063.6054,70.38338713,0.062067093,0.669575391,0.678516986,0.6967,0.815805672
767,0.466759609,"mat_lingue_87,dis_comunidades_lingue,dis_caminos_lingue,dis_hid_lingue,dis_plant87_lingue",1071.707698,1135.988787,-64.28108976,1133.988787,1059.707698,74.28108976,0.065504254,0.661735853,0.692493469,0.687575,0.855821132
768,0.464911605,"bn_lingue_87,cul_prad_lingue_87,dis_caminos_lingue,dis_hid_lingue,pen_lingue15,predios_lingue1",1071.720219,1135.988787,-64.26856865,1122.878679,1057.720219,65.15846059,0.05802805,0.643502613,0.656928076,0.694903581,0.946686013
769,0.460973647,"bn_lingue_87,dis_caminos_lingue,dis_hid_lingue,pen_lingue15,dis_plant87_lingue,predios_lingue1",1071.963105,1135.988787,-64.02568238,1122.878679,1057.963105,64.91557433,0.057811744,0.637838486,0.657562141,0.694112846,0.959787299
770,0.469896947,"mat_lingue_87,dis_comunidades_lingue,dis_plant87_lingue",1072.022458,1135.988787,-63.96632986,1133.988787,1064.022458,69.96632986,0.061699314,0.655957088,0.677913212,0.675725,0.861301992
771,0.464956733,"bn_lingue_87,cul_prad_lingue_87,dis_hid_lingue,pen_lingue15,dis_plant87_lingue,predios_lingue1",1072.029442,1135.988787,-63.95934528,1122.878679,1058.029442,64.84923722,0.057752666,0.640623702,0.657934045,0.699469442,0.95267779
772,0.459019311,"bn_lingue_87,mat_lingue_87,cul_prad_lingue_87,dis_caminos_lingue,dis_hid_lingue,pen_lingue15,dis_plant87_lingue,predios_lingue1",1072.281538,1135.988787,-63.70724986,1122.878679,1054.281538,68.5971418,0.06109043,0.634917044,0.661518952,0.686792164,0.880523323
773,0.464320686,"bn_lingue_87,mat_lingue_87,dis_caminos_lingue,dis_hid_lingue,pen_lingue15,predios_lingue1",1072.383547,1135.988787,-63.60524087,1122.878679,1058.383547,64.49513282,0.057437312,0.63987458,0.658074271,0.69449546,0.953136942
774,0.459359598,"bn_lingue_87,mat_lingue_87,dis_hid_lingue,pen_lingue15,dis_plant87_lingue,predios_lingue1",1072.532911,1135.988787,-63.45587597,1122.878679,1058.532911,64.34576791,0.057304292,0.636209945,0.65981795,0.696051423,0.957951831
775,0.475969223,"dis_comunidades_lingue,dis_caminos_lingue,dis_plant87_lingue,predios_lingue1",1072.662503,1135.988787,-63.32628396,1122.878679,1062.662503,60.2161759,0.053626609,0.663467512,0.677455936,0.681741659,0.887522431
776,0.473348948,"mat_lingue_87,dis_comunidades_lingue,dis_caminos_lingue",1072.682128,1135.988787,-63.30665894,1133.988787,1064.682128,69.30665894,0.061117588,0.658522504,0.677871366,0.6775,0.838189317
777,0.472596143,"cul_prad_lingue_87,dis_comunidades_lingue,dis_caminos_lingue,dis_plant87_lingue",1072.878478,1135.988787,-63.11030921,1133.988787,1062.878478,71.11030921,0.062708124,0.666480751,0.678780017,0.696175,0.839063969
778,0.460874908,"bn_lingue_87,cul_prad_lingue_87,dis_caminos_lingue,dis_hid_lingue,pen_lingue15,dis_plant87_lingue,predios_lingue1",1073.250703,1135.988787,-62.73808394,1122.878679,1057.250703,65.62797588,0.058446186,0.640421973,0.657513367,0.694418937,0.953073939
779,0.459292424,"bn_lingue_87,mat_lingue_87,dis_caminos_lingue,dis_hid_lingue,pen_lingue15,dis_plant87_lingue,predios_lingue1",1073.871648,1135.988787,-62.11713913,1122.878679,1057.871648,65.00703108,0.057893192,0.63655272,0.658592497,0.69322008,0.958708132
780,0.469569893,"mat_lingue_87,dis_comunidades_lingue,dis_caminos_lingue,dis_plant87_lingue",1073.98946,1135.988787,-61.99932741,1133.988787,1063.98946,69.99932741,0.061728412,0.656146474,0.678259934,0.6755,0.861695416
781,0.463000735,"mat_lingue_87,cul_prad_lingue_87,dis_hid_lingue,pen_lingue15",1074.108439,1135.988787,-61.88034872,1133.988787,1064.108439,69.88034872,0.061623492,0.637911193,0.66367071,0.6895125,0.835467416
782,0.479155326,"dis_comunidades_lingue,dis_hid_lingue",1074.887893,1135.988787,-61.10089434,1133.988787,1068.887893,65.10089434,0.057408764,0.675748425,0.693916225,0.696125,0.859351019
783,0.458755249,"mat_lingue_87,cul_prad_lingue_87,dis_caminos_lingue,dis_hid_lingue,pen_lingue15",1075.399537,1135.988787,-60.58925071,1133.988787,1063.399537,70.58925071,0.062248632,0.636827349,0.661372182,0.684875,0.839077186
784,0.456722051,"mat_lingue_87,cul_prad_lingue_87,dis_hid_lingue,pen_lingue15,dis_plant87_lingue",1075.41122,1135.988787,-60.57756693,1133.988787,1063.41122,70.57756693,0.062238329,0.634166306,0.665096454,0.68465,0.856268849
785,0.46302324,"bn_lingue_87,mat_lingue_87,cul_prad_lingue_87,dis_hid_lingue,pen_lingue15",1076.108406,1135.988787,-59.88038116,1133.988787,1064.108406,69.88038116,0.06162352,0.637938794,0.663685655,0.6895125,0.836027658
786,0.478690788,"dis_comunidades_lingue,dis_hid_lingue,dis_plant87_lingue",1076.438031,1135.988787,-59.55075639,1133.988787,1068.438031,65.55075639,0.057805471,0.673642577,0.694699338,0.6938,0.88087216
787,0.470378707,"mat_lingue_87,cul_prad_lingue_87,pen_lingue15,predios_lingue1",1076.58024,1135.988787,-59.4085475,1122.878679,1066.58024,56.29843944,0.050137598,0.634590608,0.641247157,0.686052444,0.864261033
788,0.464654429,"bn_lingue_87,dis_hid_lingue,pen_lingue15",1076.629696,1135.988787,-59.3590913,1133.988787,1068.629696,65.3590913,0.057636453,0.641261807,0.660881989,0.6981125,0.948077494
789,0.466791278,"mat_lingue_87,cul_prad_lingue_87,dis_caminos_lingue,pen_lingue15,predios_lingue1",1076.737584,1135.988787,-59.25120352,1122.878679,1064.737584,58.14109546,0.051778608,0.633108304,0.639360204,0.67949699,0.85890261
790,0.477886585,dis_comunidades_lingue,1076.7396,1135.988787,-59.24918699,1133.988787,1072.7396,61.24918699,0.054012163,0.667312671,0.67744992,0.684325,0.862408551
791,0.466289259,"bn_lingue_87,pen_lingue15,predios_lingue1",1076.773472,1135.988787,-59.21531575,1122.878679,1068.773472,54.10520769,0.048184375,0.63673726,0.645889856,0.694380675,0.933082116
792,0.454013991,"mat_lingue_87,cul_prad_lingue_87,dis_caminos_lingue,dis_hid_lingue,pen_lingue15,dis_plant87_lingue",1076.827472,1135.988787,-59.16131577,1133.988787,1062.827472,71.16131577,0.062753104,0.634020741,0.662944387,0.683975,0.85659121
793,0.471803109,"bn_lingue_87,dis_caminos_lingue,pen_lingue15,predios_lingue1",1076.831318,1135.988787,-59.15746959,1122.878679,1066.831318,56.04736154,0.049913996,0.637783043,0.64317374,0.687761453,0.950325882
794,0.479274958,"dis_comunidades_lingue,dis_caminos_lingue,dis_hid_lingue",1076.887109,1135.988787,-59.10167799,1133.988787,1068.887109,65.10167799,0.057409455,0.675720375,0.693868401,0.69605,0.859640841
795,0.458867128,"bn_lingue_87,mat_lingue_87,cul_prad_lingue_87,dis_caminos_lingue,dis_hid_lingue,pen_lingue15",1077.395939,1135.988787,-58.59284871,1133.988787,1063.395939,70.59284871,0.062251805,0.637074636,0.661665102,0.685275,0.844573503
796,0.45691842,"bn_lingue_87,mat_lingue_87,cul_prad_lingue_87,dis_hid_lingue,pen_lingue15,dis_plant87_lingue",1077.409599,1135.988787,-58.57918848,1133.988787,1063.409599,70.57918848,0.062239759,0.634334592,0.665245904,0.685025,0.859931039
797,0.464000616,"bn_lingue_87,cul_prad_lingue_87,dis_hid_lingue,pen_lingue15",1077.795386,1135.988787,-58.19340172,1133.988787,1067.795386,66.19340172,0.058372184,0.643707411,0.661186865,0.6999125,0.938847019
798,0.460112377,"bn_lingue_87,dis_caminos_lingue,dis_hid_lingue,pen_lingue15",1077.815294,1135.988787,-58.17349333,1133.988787,1067.815294,66.17349333,0.058354628,0.640004073,0.658502759,0.69405,0.950623434
799,0.4599017,"bn_lingue_87,dis_hid_lingue,pen_lingue15,dis_plant87_lingue",1077.953533,1135.988787,-58.03525445,1133.988787,1067.953533,66.03525445,0.058232723,0.637504879,0.66143794,0.6951875,0.955618603
800,0.449639224,"mat_lingue_87,cul_prad_lingue_87,pen_lingue15,dis_plant87_lingue,predios_lingue1",1077.980908,1135.988787,-58.00787907,1122.878679,1065.980908,56.89777102,0.050671343,0.622318538,0.637912219,0.676805938,0.907562228
801,0.452530621,"bn_lingue_87,pen_lingue15,dis_plant87_lingue,predios_lingue1",1078.138624,1135.988787,-57.85016328,1122.878679,1068.138624,54.74005523,0.04874975,0.626917537,0.642500046,0.686371289,0.954785594
802,0.467121623,"bn_lingue_87,cul_prad_lingue_87,dis_caminos_lingue,pen_lingue15,predios_lingue1",1078.239824,1135.988787,-57.74896386,1122.878679,1066.239824,56.6388558,0.050440762,0.640736479,0.644002902,0.692505867,0.943273281
803,0.475960061,"dis_comunidades_lingue,dis_plant87_lingue",1078.254467,1135.988787,-57.73432004,1133.988787,1072.254467,61.73432004,0.054439974,0.665487341,0.678250967,0.6817,0.886582769
804,0.470378707,"bn_lingue_87,mat_lingue_87,cul_prad_lingue_87,pen_lingue15,predios_lingue1",1078.297487,1135.988787,-57.69130076,1122.878679,1066.297487,56.5811927,0.050389409,0.638073651,0.642676852,0.694049077,0.91154729
805,0.476372465,"bn_lingue_87,cul_prad_lingue_87,pen_lingue15,predios_lingue1",1078.30076,1135.988787,-57.68802777,1122.878679,1068.30076,54.57791972,0.048605358,0.64338676,0.644008999,0.700757576,0.937150421
806,0.451688137,"mat_lingue_87,cul_prad_lingue_87,dis_caminos_lingue,pen_lingue15,dis_plant87_lingue,predios_lingue1",1078.317399,1135.988787,-57.67138812,1122.878679,1064.317399,58.56128006,0.052152811,0.627542999,0.638814542,0.677711458,0.881040233
807,0.467492872,"bn_lingue_87,mat_lingue_87,cul_prad_lingue_87,dis_caminos_lingue,pen_lingue15,predios_lingue1",1078.384867,1135.988787,-57.60392044,1122.878679,1064.384867,58.49381238,0.052092727,0.635645545,0.642996933,0.684879094,0.910683091
808,0.457816145,"bn_lingue_87,dis_caminos_lingue,pen_lingue15,dis_plant87_lingue,predios_lingue1",1078.385198,1135.988787,-57.6035896,1122.878679,1066.385198,56.49348155,0.050311296,0.632198777,0.642539675,0.686460565,0.954680109
809,0.478814943,"dis_comunidades_lingue,dis_caminos_lingue,dis_hid_lingue,dis_plant87_lingue",1078.435925,1135.988787,-57.55286205,1133.988787,1068.435925,65.55286205,0.057807328,0.673696272,0.69481292,0.694,0.880620598
810,0.461795491,"bn_lingue_87,mat_lingue_87,dis_hid_lingue,pen_lingue15",1078.504472,1135.988787,-57.48431559,1133.988787,1068.504472,65.48431559,0.057746881,0.639479901,0.661461852,0.6966375,0.944706516
811,0.478125457,"dis_comunidades_lingue,dis_caminos_lingue",1078.613317,1135.988787,-57.37547044,1133.988787,1072.613317,61.37547044,0.054123525,0.667644933,0.678451229,0.6837,0.865348105
812,0.456958593,"bn_lingue_87,mat_lingue_87,pen_lingue15,predios_lingue1",1078.699303,1135.988787,-57.28948457,1122.878679,1068.699303,54.17937652,0.048250428,0.630281406,0.644487596,0.689802061,0.93494276
813,0.468721142,"bn_lingue_87,mat_lingue_87,dis_caminos_lingue,pen_lingue15,predios_lingue1",1078.799674,1135.988787,-57.18911387,1122.878679,1066.799674,56.07900581,0.049942177,0.635947553,0.643600515,0.686230997,0.948936302
814,0.454245208,"bn_lingue_87,mat_lingue_87,cul_prad_lingue_87,dis_caminos_lingue,dis_hid_lingue,pen_lingue15,dis_plant87_lingue",1078.820112,1135.988787,-57.16867518,1133.988787,1062.820112,71.16867518,0.062759593,0.63437606,0.663261219,0.6847,0.863640737
815,0.462586771,"bn_lingue_87,cul_prad_lingue_87,dis_caminos_lingue,dis_hid_lingue,pen_lingue15",1078.890658,1135.988787,-57.09812962,1133.988787,1066.890658,67.09812962,0.059170012,0.642412148,0.659584771,0.6948,0.941198012
816,0.45829449,"bn_lingue_87,cul_prad_lingue_87,dis_hid_lingue,pen_lingue15,dis_plant87_lingue",1079.14085,1135.988787,-56.84793718,1133.988787,1067.14085,66.84793718,0.058949381,0.640419704,0.661999868,0.6975,0.948640402
817,0.45675775,"bn_lingue_87,dis_caminos_lingue,dis_hid_lingue,pen_lingue15,dis_plant87_lingue",1079.269838,1135.988787,-56.71894897,1133.988787,1067.269838,66.71894897,0.058835634,0.637348458,0.65929185,0.693,0.956521463
818,0.449343208,"cul_prad_lingue_87,dis_hid_lingue,pen_lingue15,predios_lingue1",1079.594969,1135.988787,-56.39381851,1122.878679,1069.594969,53.28371046,0.047452776,0.630913236,0.631224051,0.678553209,0.881296469
819,0.449749709,"bn_lingue_87,mat_lingue_87,cul_prad_lingue_87,pen_lingue15,dis_plant87_lingue,predios_lingue1",1079.661834,1135.988787,-56.3269534,1122.878679,1065.661834,57.21684535,0.050955501,0.625192391,0.641064254,0.682902255,0.923233225
820,0.45919839,"bn_lingue_87,cul_prad_lingue_87,pen_lingue15,dis_plant87_lingue,predios_lingue1",1079.688583,1135.988787,-56.30020412,1122.878679,1067.688583,55.19009607,0.049150542,0.634855794,0.643777321,0.692110499,0.94720266
821,0.45919839,"bn_lingue_87,mat_lingue_87,dis_caminos_lingue,dis_hid_lingue,pen_lingue15",1079.732339,1135.988787,-56.25644858,1133.988787,1067.732339,66.25644858,0.058427781,0.639018355,0.659477167,0.69405,0.948496392
822,0.45708359,"bn_lingue_87,mat_lingue_87,dis_hid_lingue,pen_lingue15,dis_plant87_lingue",1079.817883,1135.988787,-56.17090445,1133.988787,1067.817883,66.17090445,0.058352345,0.635913109,0.662173229,0.693475,0.954730632
823,0.461377717,"bn_lingue_87,cul_prad_lingue_87,dis_caminos_lingue,pen_lingue15,dis_plant87_lingue,predios_lingue1",1079.819664,1135.988787,-56.16912337,1122.878679,1065.819664,57.05901532,0.050814942,0.636772732,0.643826095,0.691358025,0.948917335
824,0.451887585,"bn_lingue_87,mat_lingue_87,cul_prad_lingue_87,dis_caminos_lingue,pen_lingue15,dis_plant87_lingue,predios_lingue1",1079.936155,1135.988787,-56.05263207,1122.878679,1063.936155,58.94252401,0.052492335,0.630048648,0.642557965,0.683476176,0.918225111
825,0.452224553,"bn_lingue_87,mat_lingue_87,pen_lingue15,dis_plant87_lingue,predios_lingue1",1080.054637,1135.988787,-55.9341501,1122.878679,1068.054637,54.82404204,0.048824546,0.622683893,0.643426756,0.682698194,0.953256968
826,0.476102085,"dis_comunidades_lingue,dis_caminos_lingue,dis_plant87_lingue",1080.176385,1135.988787,-55.8124027,1133.988787,1072.176385,61.8124027,0.054508831,0.665804396,0.678720237,0.681575,0.887175573
827,0.458773149,"bn_lingue_87,mat_lingue_87,dis_caminos_lingue,pen_lingue15,dis_plant87_lingue,predios_lingue1",1080.346355,1135.988787,-55.6424319,1122.878679,1066.346355,56.53232384,0.050345888,0.63030992,0.642929869,0.685006632,0.954164306
828,0.457798269,"bn_lingue_87,cul_prad_lingue_87,dis_caminos_lingue,dis_hid_lingue,pen_lingue15,dis_plant87_lingue",1080.372121,1135.988787,-55.61666636,1133.988787,1066.372121,67.61666636,0.059627279,0.640033667,0.660541245,0.694475,0.949146818
829,0.447049874,"cul_prad_lingue_87,dis_caminos_lingue,dis_hid_lingue,pen_lingue15,predios_lingue1",1080.843246,1135.988787,-55.14554112,1122.878679,1068.843246,54.03543306,0.048122236,0.627806002,0.626944111,0.673043567,0.887120598
830,0.455656332,"bn_lingue_87,mat_lingue_87,dis_caminos_lingue,dis_hid_lingue,pen_lingue15,dis_plant87_lingue",1081.175848,1135.988787,-54.81293891,1133.988787,1067.175848,66.81293891,0.058918518,0.636229708,0.660182567,0.692625,0.955704619
831,0.447798819,"cul_prad_lingue_87,dis_hid_lingue,pen_lingue15,dis_plant87_lingue,predios_lingue1",1081.413204,1135.988787,-54.57558291,1122.878679,1069.413204,53.46547486,0.04761465,0.627987641,0.630565598,0.677430874,0.8950987
832,0.446143366,"cul_prad_lingue_87,dis_caminos_lingue,dis_hid_lingue,pen_lingue15,dis_plant87_lingue,predios_lingue1",1082.725913,1135.988787,-53.26287428,1122.878679,1068.725913,54.15276622,0.048226729,0.625737982,0.626364917,0.671589634,0.896887244
833,0.4798688,"mat_lingue_87,cul_prad_lingue_87,pen_lingue15",1082.995669,1135.988787,-52.99311876,1133.988787,1074.995669,58.99311876,0.052022665,0.636203291,0.643704306,0.68475,0.834537881
834,0.454191844,"mat_lingue_87,cul_prad_lingue_87,dis_caminos_lingue,pen_lingue15",1083.153077,1135.988787,-52.83571036,1133.988787,1073.153077,60.83571036,0.053647541,0.630821564,0.639146107,0.67615,0.851815473
835,0.476138741,"bn_lingue_87,pen_lingue15",1083.906131,1135.988787,-52.08265615,1133.988787,1077.906131,56.08265615,0.049456094,0.633333511,0.64677698,0.687,0.903422344
836,0.462595767,"bn_lingue_87,dis_caminos_lingue,pen_lingue15",1083.970118,1135.988787,-52.01866939,1133.988787,1075.970118,58.01866939,0.051163354,0.634242035,0.641289208,0.6876875,0.947877805
837,0.428424673,"mat_lingue_87,dis_hid_lingue,pen_lingue15,predios_lingue1",1084.198501,1135.988787,-51.79028683,1122.878679,1074.198501,48.68017877,0.043353017,0.604669395,0.632147713,0.662712988,0.874210324
838,0.447922249,"mat_lingue_87,cul_prad_lingue_87,pen_lingue15,dis_plant87_lingue",1084.351446,1135.988787,-51.63734122,1133.988787,1074.351446,59.63734122,0.052590768,0.627374922,0.643623603,0.6771875,0.923024503
839,0.447662189,"mat_lingue_87,cul_prad_lingue_87,dis_caminos_lingue,pen_lingue15,dis_plant87_lingue",1084.693454,1135.988787,-51.29533366,1133.988787,1072.693454,61.29533366,0.054052857,0.628459909,0.641447624,0.6750375,0.878493172
840,0.4798688,"bn_lingue_87,mat_lingue_87,cul_prad_lingue_87,pen_lingue15",1084.849432,1135.988787,-51.13935526,1133.988787,1074.849432,59.13935526,0.052151623,0.639584548,0.647252228,0.690575,0.909022334
841,0.454191844,"bn_lingue_87,mat_lingue_87,cul_prad_lingue_87,dis_caminos_lingue,pen_lingue15",1084.950525,1135.988787,-51.03826278,1133.988787,1072.950525,61.03826278,0.053826161,0.633002417,0.642819567,0.6816625,0.901971279
842,0.461952779,"bn_lingue_87,cul_prad_lingue_87,dis_caminos_lingue,pen_lingue15",1085.123674,1135.988787,-50.8651134,1133.988787,1075.123674,58.8651134,0.051909784,0.637726428,0.645530574,0.6904,0.939810678
843,0.488274856,"bn_lingue_87,cul_prad_lingue_87,pen_lingue15",1085.196741,1135.988787,-50.79204608,1133.988787,1077.196741,56.79204608,0.050081665,0.640380143,0.647900838,0.6923125,0.915018955
844,0.451005999,"bn_lingue_87,pen_lingue15,dis_plant87_lingue",1085.245146,1135.988787,-50.74364178,1133.988787,1077.245146,56.74364178,0.05003898,0.627980967,0.646788936,0.6834,0.955724215
845,0.453334108,"bn_lingue_87,dis_caminos_lingue,pen_lingue15,dis_plant87_lingue",1085.500402,1135.988787,-50.48838501,1133.988787,1075.500402,58.48838501,0.051577569,0.631500548,0.643844788,0.6842125,0.953315114
846,0.448641206,"cul_prad_lingue_87,dis_hid_lingue,pen_lingue15",1085.74179,1135.988787,-50.24699745,1133.988787,1077.74179,56.24699745,0.049601017,0.629305856,0.635681877,0.678525,0.873424124
847,0.471912442,"bn_lingue_87,mat_lingue_87,pen_lingue15",1085.862109,1135.988787,-50.12667804,1133.988787,1077.862109,56.12667804,0.049494914,0.625932283,0.646092503,0.6790125,0.917512288
848,0.430306457,"mat_lingue_87,dis_caminos_lingue,dis_hid_lingue,pen_lingue15,predios_lingue1",1085.933833,1135.988787,-50.05495442,1122.878679,1073.933833,48.94484636,0.043588722,0.60368381,0.628632919,0.659320478,0.878971789
849,0.464663451,"bn_lingue_87,mat_lingue_87,dis_caminos_lingue,pen_lingue15",1085.956733,1135.988787,-50.0320544,1133.988787,1075.956733,58.0320544,0.051175157,0.633679485,0.642254649,0.6866375,0.945835447
850,0.42777279,"mat_lingue_87,dis_hid_lingue,pen_lingue15,dis_plant87_lingue,predios_lingue1",1085.988361,1135.988787,-50.0004265,1122.878679,1073.988361,48.89031845,0.043540161,0.603034799,0.63300431,0.659881645,0.891170131
851,0.448138302,"bn_lingue_87,mat_lingue_87,cul_prad_lingue_87,pen_lingue15,dis_plant87_lingue",1086.176757,1135.988787,-49.81203076,1133.988787,1074.176757,59.81203076,0.052744817,0.629427781,0.64692344,0.681025,0.922825027
852,0.447622527,"bn_lingue_87,mat_lingue_87,cul_prad_lingue_87,dis_caminos_lingue,pen_lingue15,dis_plant87_lingue",1086.467391,1135.988787,-49.52139621,1133.988787,1072.467391,61.52139621,0.054252209,0.630521988,0.645213742,0.6795,0.91317713
853,0.456423135,"bn_lingue_87,cul_prad_lingue_87,pen_lingue15,dis_plant87_lingue",1086.556026,1135.988787,-49.43276107,1133.988787,1076.556026,57.43276107,0.050646675,0.636799406,0.648047298,0.6880625,0.944456091
854,0.457159491,"bn_lingue_87,cul_prad_lingue_87,dis_caminos_lingue,pen_lingue15,dis_plant87_lingue",1086.677759,1135.988787,-49.3110279,1133.988787,1074.677759,59.3110279,0.052303011,0.63616163,0.64604169,0.68785,0.94632171
855,0.448720644,"cul_prad_lingue_87,dis_caminos_lingue,dis_hid_lingue,pen_lingue15",1087.009223,1135.988787,-48.97956391,1133.988787,1077.009223,56.97956391,0.050247026,0.625950909,0.630161226,0.67265,0.879614635
856,0.45001052,"bn_lingue_87,mat_lingue_87,pen_lingue15,dis_plant87_lingue",1087.19461,1135.988787,-48.79417732,1133.988787,1077.19461,56.79417732,0.050083544,0.623379419,0.647180493,0.679325,0.95385152
857,0.430680827,"cul_prad_lingue_87,pen_lingue15,predios_lingue1",1087.304289,1135.988787,-48.68449857,1122.878679,1079.304289,43.57439052,0.038805965,0.632477039,0.615796148,0.684343434,0.890005729
858,0.436129122,"cul_prad_lingue_87,dis_caminos_lingue,pen_lingue15,predios_lingue1",1087.472557,1135.988787,-48.51623028,1122.878679,1077.472557,45.40612223,0.040437247,0.622676355,0.605465154,0.671104989,0.894638131
859,0.454636665,"bn_lingue_87,mat_lingue_87,dis_caminos_lingue,pen_lingue15,dis_plant87_lingue",1087.482772,1135.988787,-48.50601539,1133.988787,1075.482772,58.50601539,0.051593116,0.630275198,0.643755119,0.6832375,0.952923519
860,0.447234835,"cul_prad_lingue_87,dis_hid_lingue,pen_lingue15,dis_plant87_lingue",1087.530666,1135.988787,-48.45812179,1133.988787,1077.530666,56.45812179,0.049787196,0.62643358,0.634638722,0.674675,0.889901926
861,0.428514782,"mat_lingue_87,dis_caminos_lingue,dis_hid_lingue,pen_lingue15,dis_plant87_lingue,predios_lingue1",1087.768421,1135.988787,-48.22036657,1122.878679,1073.768421,49.11025851,0.043736033,0.602361607,0.629468178,0.657968575,0.892885936
862,0.419856445,"dis_hid_lingue,pen_lingue15,predios_lingue1",1088.854917,1135.988787,-47.13387003,1122.878679,1080.854917,42.02376198,0.037425024,0.601316848,0.606809494,0.655188246,0.896868085
863,0.447812042,"cul_prad_lingue_87,dis_caminos_lingue,dis_hid_lingue,pen_lingue15,dis_plant87_lingue",1088.86707,1135.988787,-47.12171783,1133.988787,1076.86707,57.12171783,0.050372383,0.624116494,0.629629187,0.6701,0.891544377
864,0.444158305,"cul_prad_lingue_87,pen_lingue15,dis_plant87_lingue,predios_lingue1",1089.110985,1135.988787,-46.87780239,1122.878679,1079.110985,43.76769433,0.038978115,0.618028852,0.60814164,0.669408734,0.935942181
865,0.437340184,"cul_prad_lingue_87,dis_caminos_lingue,pen_lingue15,dis_plant87_lingue,predios_lingue1",1089.374925,1135.988787,-46.61386252,1122.878679,1077.374925,45.50375446,0.040524195,0.618112737,0.602694167,0.66738088,0.909583636
866,0.420806693,"dis_caminos_lingue,dis_hid_lingue,pen_lingue15,predios_lingue1",1090.511276,1135.988787,-45.47751141,1122.878679,1080.511276,42.36740335,0.03773106,0.59849365,0.599996342,0.648122641,0.902708154
867,0.417414553,"dis_hid_lingue,pen_lingue15,dis_plant87_lingue,predios_lingue1",1090.782462,1135.988787,-45.2063259,1122.878679,1080.782462,42.09621784,0.037489551,0.598902567,0.606379671,0.652305887,0.908116806
868,0.426312506,"mat_lingue_87,pen_lingue15,predios_lingue1",1091.540647,1135.988787,-44.44814019,1122.878679,1083.540647,39.33803214,0.035033199,0.597319177,0.621630767,0.643072135,0.826652938
869,0.427245716,"mat_lingue_87,dis_hid_lingue,pen_lingue15",1091.550606,1135.988787,-44.43818125,1133.988787,1083.550606,50.43818125,0.044478554,0.606280943,0.632746696,0.66405,0.878930495
870,0.42014902,"dis_caminos_lingue,dis_hid_lingue,pen_lingue15,dis_plant87_lingue,predios_lingue1",1092.467377,1135.988787,-43.52141026,1122.878679,1080.467377,42.41130221,0.037770155,0.596901097,0.599606148,0.646898276,0.910610282
871,0.432823229,"mat_lingue_87,dis_caminos_lingue,pen_lingue15,predios_lingue1",1092.530492,1135.988787,-43.45829554,1122.878679,1082.530492,40.34818748,0.035932811,0.595310997,0.609641448,0.646056525,0.872986653
872,0.458491284,"cul_prad_lingue_87,pen_lingue15",1093.312319,1135.988787,-42.67646811,1133.988787,1087.312319,46.67646811,0.041161314,0.625392313,0.620713052,0.676,0.776417179
873,0.422004796,"mat_lingue_87,pen_lingue15,dis_plant87_lingue,predios_lingue1",1093.319468,1135.988787,-42.66931957,1122.878679,1083.319468,39.55921151,0.035230174,0.593872541,0.621469202,0.645495358,0.89359081
874,0.427982872,"mat_lingue_87,dis_caminos_lingue,dis_hid_lingue,pen_lingue15",1093.320378,1135.988787,-42.6684089,1133.988787,1083.320378,50.6684089,0.044681578,0.605098409,0.629390068,0.660675,0.883333598
875,0.426436578,"mat_lingue_87,dis_hid_lingue,pen_lingue15,dis_plant87_lingue",1093.36543,1135.988787,-42.62335738,1133.988787,1083.36543,50.62335738,0.04464185,0.604513365,0.63361649,0.66205,0.894960455
876,0.439010367,"cul_prad_lingue_87,dis_caminos_lingue,pen_lingue15",1093.485121,1135.988787,-42.50366673,1133.988787,1085.485121,48.50366673,0.042772616,0.616708566,0.604730962,0.6676875,0.886063296
877,0.432357131,"mat_lingue_87,dis_caminos_lingue,pen_lingue15,dis_plant87_lingue,predios_lingue1",1094.393644,1135.988787,-41.59514361,1122.878679,1082.393644,40.48503555,0.036054684,0.594801196,0.611193079,0.643505765,0.897231738
878,0.449922099,"cul_prad_lingue_87,pen_lingue15,dis_plant87_lingue",1095.106134,1135.988787,-40.88265349,1133.988787,1087.106134,46.88265349,0.041343137,0.616578947,0.612627854,0.6634125,0.941347049
879,0.426804643,"mat_lingue_87,dis_caminos_lingue,dis_hid_lingue,pen_lingue15,dis_plant87_lingue",1095.174969,1135.988787,-40.81381801,1133.988787,1083.174969,50.81381801,0.044809806,0.603716727,0.629981887,0.658975,0.896545533
880,0.439772806,"cul_prad_lingue_87,dis_caminos_lingue,pen_lingue15,dis_plant87_lingue",1095.377196,1135.988787,-40.61159119,1133.988787,1085.377196,48.61159119,0.042867788,0.614430789,0.604847532,0.6634625,0.904602588
881,0.418780469,"dis_hid_lingue,pen_lingue15",1095.637348,1135.988787,-40.35143931,1133.988787,1089.637348,44.35143931,0.039111003,0.602593238,0.608894614,0.6564875,0.897910254
882,0.411926783,"pen_lingue15,predios_lingue1",1095.64555,1135.988787,-40.34323775,1122.878679,1089.64555,33.2331297,0.029596367,0.589028858,0.597487517,0.64254923,0.825548255
883,0.417461027,"dis_caminos_lingue,pen_lingue15,predios_lingue1",1096.507703,1135.988787,-39.48108462,1122.878679,1088.507703,34.37097657,0.030609697,0.582539895,0.572387072,0.632231405,0.895562757
884,0.437244614,"mat_lingue_87,cul_prad_lingue_87,dis_hid_lingue,predios_lingue1",1097.034055,1135.988787,-38.95473211,1122.878679,1087.034055,35.84462405,0.031922081,0.585255945,0.632101987,0.616391185,0.792758266
885,0.419415691,"dis_caminos_lingue,dis_hid_lingue,pen_lingue15",1097.329732,1135.988787,-38.65905508,1133.988787,1089.329732,44.65905508,0.039382272,0.599785537,0.602543026,0.64955,0.903750578
886,0.4143582,"pen_lingue15,dis_plant87_lingue,predios_lingue1",1097.560913,1135.988787,-38.42787448,1122.878679,1089.560913,33.31776643,0.029671742,0.581325634,0.594094659,0.637766554,0.909254169
887,0.416207298,"dis_hid_lingue,pen_lingue15,dis_plant87_lingue",1097.57586,1135.988787,-38.41292714,1133.988787,1089.57586,44.41292714,0.039165226,0.600320288,0.608861736,0.6533375,0.908398644
888,0.434850826,"bn_lingue_87,mat_lingue_87,cul_prad_lingue_87,dis_hid_lingue,predios_lingue1",1098.045559,1135.988787,-37.94322881,1122.878679,1086.045559,36.83312076,0.032802405,0.582982801,0.631266728,0.60952964,0.698706213
889,0.429902186,"mat_lingue_87,cul_prad_lingue_87,dis_hid_lingue,dis_plant87_lingue,predios_lingue1",1098.062546,1135.988787,-37.92624169,1122.878679,1086.062546,36.81613364,0.032787276,0.581306747,0.630705824,0.613177227,0.825653921
890,0.443325503,"mat_lingue_87,cul_prad_lingue_87,dis_caminos_lingue,dis_hid_lingue,predios_lingue1",1098.226425,1135.988787,-37.76236191,1122.878679,1086.226425,36.65225386,0.03264133,0.587422903,0.63084605,0.611315172,0.799845775
891,0.416473055,"dis_caminos_lingue,pen_lingue15,dis_plant87_lingue,predios_lingue1",1098.473404,1135.988787,-37.51538346,1122.878679,1088.473404,34.40527541,0.030640243,0.580725786,0.572890057,0.630190797,0.909326718
892,0.427682775,"bn_lingue_87,mat_lingue_87,cul_prad_lingue_87,dis_hid_lingue,dis_plant87_lingue,predios_lingue1",1099.175478,1135.988787,-36.81330891,1122.878679,1085.175478,37.70320086,0.03357727,0.578701163,0.629657178,0.605550454,0.724018241
893,0.418281161,"dis_caminos_lingue,dis_hid_lingue,pen_lingue15,dis_plant87_lingue",1099.293349,1135.988787,-36.69543797,1133.988787,1089.293349,44.69543797,0.039414356,0.598312752,0.602142503,0.648,0.910870013
894,0.439084397,"bn_lingue_87,mat_lingue_87,cul_prad_lingue_87,dis_caminos_lingue,dis_hid_lingue,predios_lingue1",1099.338291,1135.988787,-36.65049657,1122.878679,1085.338291,37.54038851,0.033432275,0.584645625,0.630596082,0.605116825,0.707770077
895,0.440012597,"mat_lingue_87,pen_lingue15",1099.373264,1135.988787,-36.61552321,1133.988787,1093.373264,40.61552321,0.035816512,0.595227623,0.613419934,0.6425,0.770470932
896,0.435123626,"mat_lingue_87,cul_prad_lingue_87,dis_caminos_lingue,dis_hid_lingue,dis_plant87_lingue,predios_lingue1",1099.415518,1135.988787,-36.57326897,1122.878679,1085.415518,37.46316092,0.033363498,0.583526686,0.630041275,0.60952964,0.827336435
897,0.420513847,"mat_lingue_87,dis_caminos_lingue,pen_lingue15",1100.393564,1135.988787,-35.59522333,1133.988787,1092.393564,41.59522333,0.036680454,0.595835227,0.607095247,0.6445,0.894955934
898,0.431753382,"bn_lingue_87,mat_lingue_87,cul_prad_lingue_87,dis_caminos_lingue,dis_hid_lingue,dis_plant87_lingue,predios_lingue1",1100.605678,1135.988787,-35.38310914,1122.878679,1084.605678,38.27300108,0.034084716,0.580546653,0.628791435,0.602132435,0.731754868
899,0.421418238,"mat_lingue_87,pen_lingue15,dis_plant87_lingue",1101.19665,1135.988787,-34.7921369,1133.988787,1093.19665,40.7921369,0.035972258,0.590587607,0.612311022,0.6411625,0.947738711
900,0.419716561,"mat_lingue_87,dis_caminos_lingue,pen_lingue15,dis_plant87_lingue",1102.290973,1135.988787,-33.69781451,1133.988787,1092.290973,41.69781451,0.036770923,0.594531629,0.608972328,0.64245,0.918562636
901,0.482179647,pen_lingue15,1102.774921,1135.988787,-33.2138666,1133.988787,1098.774921,35.2138666,0.031053099,0.591022278,0.590464548,0.64,0.670989083
902,0.429738822,"bn_lingue_87,mat_lingue_87,dis_hid_lingue,predios_lingue1",1103.335692,1135.988787,-32.65309588,1122.878679,1093.335692,29.54298783,0.026310044,0.578129639,0.616817359,0.611315172,0.956281554
903,0.408530969,"dis_caminos_lingue,pen_lingue15",1103.672343,1135.988787,-32.31644451,1133.988787,1097.672343,36.31644451,0.0320254,0.586653911,0.571944811,0.6351,0.908843444
904,0.427164332,"bn_lingue_87,mat_lingue_87,dis_hid_lingue,dis_plant87_lingue,predios_lingue1",1104.405664,1135.988787,-31.58312356,1122.878679,1092.405664,30.4730155,0.027138297,0.574436525,0.616097939,0.609478625,0.980490063
905,0.431904272,"bn_lingue_87,dis_hid_lingue,predios_lingue1",1104.452207,1135.988787,-31.53658045,1122.878679,1096.452207,26.42647239,0.023534575,0.583396853,0.607925205,0.616595245,0.981253066
906,0.438592458,"bn_lingue_87,mat_lingue_87,dis_caminos_lingue,dis_hid_lingue,predios_lingue1",1104.56551,1135.988787,-31.42327744,1122.878679,1092.56551,30.31316939,0.026995944,0.580995148,0.617494101,0.606035098,0.962489556
907,0.404408638,"pen_lingue15,dis_plant87_lingue",1104.712096,1135.988787,-31.2766911,1133.988787,1098.712096,35.2766911,0.031108501,0.575991949,0.578939031,0.625875,0.932203566
908,0.435652203,"bn_lingue_87,dis_caminos_lingue,dis_hid_lingue,predios_lingue1",1105.434154,1135.988787,-30.55463305,1122.878679,1095.434154,27.44452499,0.02444122,0.585669295,0.607562446,0.609121518,0.984940502
909,0.430685131,"bn_lingue_87,dis_hid_lingue,dis_plant87_lingue,predios_lingue1",1105.569082,1135.988787,-30.41970528,1122.878679,1095.569082,27.30959722,0.024321058,0.577384054,0.606465026,0.61345781,0.996050386
910,0.408022171,"dis_caminos_lingue,pen_lingue15,dis_plant87_lingue",1105.651101,1135.988787,-30.33768656,1133.988787,1097.651101,36.33768656,0.032044132,0.58364671,0.572160018,0.63065,0.921543506
911,0.431822356,"bn_lingue_87,mat_lingue_87,dis_caminos_lingue,dis_hid_lingue,dis_plant87_lingue,predios_lingue1",1105.785603,1135.988787,-30.20318406,1122.878679,1091.785603,31.09307601,0.027690504,0.577463451,0.616994165,0.605499439,0.981611414
912,0.431688725,"bn_lingue_87,cul_prad_lingue_87,dis_hid_lingue,predios_lingue1",1106.430921,1135.988787,-29.5578661,1122.878679,1096.430921,26.44775805,0.023553531,0.583822518,0.607373446,0.616391185,0.977359333
913,0.437970397,"mat_lingue_87,cul_prad_lingue_87,dis_hid_lingue",1106.563244,1135.988787,-29.42554384,1133.988787,1098.563244,35.42554384,0.031239766,0.583978901,0.628896886,0.618375,0.782462701
914,0.432762792,"bn_lingue_87,dis_caminos_lingue,dis_hid_lingue,dis_plant87_lingue,predios_lingue1",1106.717514,1135.988787,-29.27127339,1122.878679,1094.717514,28.16116533,0.025079437,0.580232735,0.605867541,0.605831038,0.995298409
915,0.434625735,"bn_lingue_87,mat_lingue_87,cul_prad_lingue_87,dis_hid_lingue",1106.904731,1135.988787,-29.08405676,1133.988787,1096.904731,37.08405676,0.032702313,0.582158307,0.630095468,0.6106125,0.680323582
916,0.435938316,"bn_lingue_87,cul_prad_lingue_87,dis_caminos_lingue,dis_hid_lingue,predios_lingue1",1107.394085,1135.988787,-28.59470244,1122.878679,1095.394085,27.48459438,0.024476905,0.586024068,0.606788155,0.608330783,0.981113298
917,0.42857057,"mat_lingue_87,cul_prad_lingue_87,dis_hid_lingue,dis_plant87_lingue",1107.405117,1135.988787,-28.58367043,1133.988787,1097.405117,36.58367043,0.032261051,0.580033678,0.62876836,0.6112125,0.820674013
918,0.430908987,"bn_lingue_87,cul_prad_lingue_87,dis_hid_lingue,dis_plant87_lingue,predios_lingue1",1107.552902,1135.988787,-28.43588551,1122.878679,1095.552902,27.32577746,0.024335467,0.577767332,0.605922412,0.612743598,0.994665016
919,0.438000835,"mat_lingue_87,cul_prad_lingue_87,dis_caminos_lingue,predios_lingue1",1107.611809,1135.988787,-28.376978,1122.878679,1097.611809,25.26686995,0.02250187,0.572428254,0.598334969,0.585782063,0.804126094
920,0.407809586,"mat_lingue_87,cul_prad_lingue_87,predios_lingue1",1107.76752,1135.988787,-28.22126779,1122.878679,1099.76752,23.11115973,0.020582063,0.564226655,0.594615933,0.585118865,0.807051964
921,0.439663837,"mat_lingue_87,cul_prad_lingue_87,dis_caminos_lingue,dis_hid_lingue",1107.770838,1135.988787,-28.21794915,1133.988787,1097.770838,36.21794915,0.031938543,0.585939711,0.627653469,0.6136,0.789992817
922,0.42587201,"bn_lingue_87,mat_lingue_87,cul_prad_lingue_87,dis_hid_lingue,dis_plant87_lingue",1107.896088,1135.988787,-28.09269929,1133.988787,1095.896088,38.09269929,0.033591778,0.577511535,0.628726514,0.6035875,0.701168065
923,0.435855939,"bn_lingue_87,mat_lingue_87,cul_prad_lingue_87,dis_caminos_lingue,dis_hid_lingue",1108.254393,1135.988787,-27.73439413,1133.988787,1096.254393,37.73439413,0.033275809,0.583364369,0.628227354,0.6053,0.686657467
924,0.433380355,"bn_lingue_87,cul_prad_lingue_87,dis_caminos_lingue,dis_hid_lingue,dis_plant87_lingue,predios_lingue1",1108.685589,1135.988787,-27.30319842,1122.878679,1094.685589,28.19309037,0.025107869,0.580631501,0.605239573,0.604836241,0.993602523
925,0.413517386,"mat_lingue_87,cul_prad_lingue_87,dis_plant87_lingue,predios_lingue1",1108.741632,1135.988787,-27.24715589,1122.878679,1098.741632,24.13704784,0.021495686,0.55694198,0.597252791,0.581420263,0.894091235
926,0.433263711,"mat_lingue_87,cul_prad_lingue_87,dis_caminos_lingue,dis_hid_lingue,dis_plant87_lingue",1108.788321,1135.988787,-27.2004665,1133.988787,1096.788321,37.2004665,0.032804969,0.582271006,0.627261913,0.608875,0.822251161
927,0.418031638,"mat_lingue_87,dis_hid_lingue,predios_lingue1",1108.839738,1135.988787,-27.14904919,1122.878679,1100.839738,22.03894114,0.019627179,0.556018316,0.605657202,0.577798184,0.850748689
928,0.432905259,"mat_lingue_87,cul_prad_lingue_87,dis_caminos_lingue,dis_plant87_lingue,predios_lingue1",1108.855022,1135.988787,-27.13376558,1122.878679,1096.855022,26.02365752,0.023175841,0.565922055,0.599112309,0.583715947,0.845876612
929,0.438018228,"bn_lingue_87,mat_lingue_87,cul_prad_lingue_87,dis_caminos_lingue,predios_lingue1",1109.226817,1135.988787,-26.76197075,1122.878679,1097.226817,25.65186269,0.022844732,0.567146599,0.598965986,0.581369248,0.694198187
930,0.407809586,"bn_lingue_87,mat_lingue_87,cul_prad_lingue_87,predios_lingue1",1109.293015,1135.988787,-26.69577236,1122.878679,1099.293015,23.5856643,0.021004642,0.560188872,0.5931649,0.578257321,0.66161613
931,0.429639962,"bn_lingue_87,mat_lingue_87,cul_prad_lingue_87,dis_caminos_lingue,dis_hid_lingue,dis_plant87_lingue",1109.388229,1135.988787,-26.60055826,1133.988787,1095.388229,38.60055826,0.03403963,0.57913523,0.626807587,0.6011,0.706955622
932,0.413937668,"bn_lingue_87,mat_lingue_87,cul_prad_lingue_87,dis_plant87_lingue,predios_lingue1",1110.340527,1135.988787,-25.64826006,1122.878679,1098.340527,24.538152,0.021852897,0.551975569,0.596149274,0.573882767,0.689797916
933,0.415604441,"mat_lingue_87,dis_hid_lingue,dis_plant87_lingue,predios_lingue1",1110.344583,1135.988787,-25.64420438,1122.878679,1100.344583,22.53409633,0.020068149,0.555096179,0.60975119,0.577798184,0.89013207
934,0.416574322,"mat_lingue_87,dis_caminos_lingue,dis_hid_lingue,predios_lingue1",1110.475236,1135.988787,-25.51355152,1122.878679,1100.475236,22.40344346,0.019951793,0.558263938,0.604233604,0.570987654,0.859989088
935,0.433198917,"bn_lingue_87,mat_lingue_87,cul_prad_lingue_87,dis_caminos_lingue,dis_plant87_lingue,predios_lingue1",1110.52123,1135.988787,-25.46755693,1122.878679,1096.52123,26.35744888,0.023473105,0.561216,0.598697728,0.578231813,0.734781528
936,0.413445963,"mat_lingue_87,dis_caminos_lingue,dis_hid_lingue,dis_plant87_lingue,predios_lingue1",1112.061644,1135.988787,-23.92714337,1122.878679,1100.061644,22.81703531,0.020320125,0.557158315,0.608489157,0.573818998,0.892789914
937,0.440758638,"bn_lingue_87,mat_lingue_87,dis_caminos_lingue,predios_lingue1",1112.66904,1135.988787,-23.31974782,1122.878679,1102.66904,20.20963977,0.017998062,0.568163145,0.588912395,0.590271401,0.980400728
938,0.400363973,"bn_lingue_87,mat_lingue_87,predios_lingue1",1112.717595,1135.988787,-23.27119208,1122.878679,1104.717595,18.16108402,0.016173683,0.561245142,0.583559422,0.589569942,0.97957429
939,0.439620254,"bn_lingue_87,dis_caminos_lingue,predios_lingue1",1113.251563,1135.988787,-22.73722485,1122.878679,1105.251563,17.6271168,0.015698149,0.580767353,0.582157163,0.596852362,0.990342679
940,0.418907468,"bn_lingue_87,predios_lingue1",1113.654537,1135.988787,-22.33425059,1122.878679,1107.654537,15.22414253,0.013558137,0.567652093,0.580946952,0.594148556,0.984029589
941,0.418915935,"bn_lingue_87,mat_lingue_87,dis_plant87_lingue,predios_lingue1",1113.716397,1135.988787,-22.27239067,1122.878679,1103.716397,19.16228261,0.017065319,0.555503964,0.587760104,0.585386695,0.999648141
942,0.428793765,"bn_lingue_87,mat_lingue_87,dis_hid_lingue",1113.724742,1135.988787,-22.26404544,1133.988787,1105.724742,28.26404544,0.024924449,0.576937684,0.61354846,0.614475,0.945237365
943,0.439851275,"bn_lingue_87,mat_lingue_87,dis_caminos_lingue,dis_plant87_lingue,predios_lingue1",1113.922382,1135.988787,-22.0664056,1122.878679,1101.922382,20.95629755,0.018663011,0.56393953,0.590491461,0.586649321,0.998235474
944,0.423720492,"cul_prad_lingue_87,dis_hid_lingue,predios_lingue1",1114.308988,1135.988787,-21.6797998,1122.878679,1106.308988,16.56969174,0.01475644,0.566471753,0.579959274,0.576675849,0.852390248
945,0.432137135,"bn_lingue_87,dis_caminos_lingue,dis_plant87_lingue,predios_lingue1",1114.566748,1135.988787,-21.42203942,1122.878679,1104.566748,18.31193136,0.016308023,0.570500745,0.582443711,0.593663912,0.999447016
946,0.424701529,"bn_lingue_87,mat_lingue_87,dis_hid_lingue,dis_plant87_lingue",1114.679871,1135.988787,-21.30891629,1133.988787,1104.679871,29.30891629,0.025845861,0.573104,0.612825127,0.6065875,0.975691192
947,0.410067932,"bn_lingue_87,dis_plant87_lingue,predios_lingue1",1114.706582,1135.988787,-21.28220558,1122.878679,1106.706582,16.17209753,0.014402355,0.554115293,0.576170125,0.592873176,0.999640132
948,0.426415185,"bn_lingue_87,dis_hid_lingue",1114.928007,1135.988787,-21.06078071,1133.988787,1108.928007,25.06078071,0.022099672,0.579066111,0.604121209,0.61925,0.972564907
949,0.4361031,"bn_lingue_87,mat_lingue_87,dis_caminos_lingue,dis_hid_lingue",1114.986637,1135.988787,-21.00215071,1133.988787,1104.986637,29.00215071,0.025575342,0.579244116,0.61349167,0.60795,0.952694613
950,0.438601162,"bn_lingue_87,cul_prad_lingue_87,dis_caminos_lingue,predios_lingue1",1115.244054,1135.988787,-20.74473341,1122.878679,1105.244054,17.63462536,0.015704836,0.581034824,0.581523098,0.597796143,0.987496743
951,0.426586349,"cul_prad_lingue_87,dis_caminos_lingue,dis_hid_lingue,predios_lingue1",1115.438612,1135.988787,-20.55017582,1122.878679,1105.438612,17.44006776,0.015531569,0.566787018,0.577828449,0.565962657,0.86413492
952,0.421490469,"bn_lingue_87,cul_prad_lingue_87,predios_lingue1",1115.654504,1135.988787,-20.3342829,1122.878679,1107.654504,15.22417485,0.013558165,0.565601478,0.579480676,0.592222732,0.986626713
953,0.424415609,"bn_lingue_87,dis_hid_lingue,dis_plant87_lingue",1115.918324,1135.988787,-20.07046373,1133.988787,1107.918324,26.07046373,0.022990054,0.573419126,0.603639983,0.60985,0.995120595
954,0.434249298,"bn_lingue_87,dis_caminos_lingue,dis_hid_lingue",1115.931836,1135.988787,-20.05695162,1133.988787,1107.931836,26.05695162,0.022978139,0.581005498,0.602498192,0.610275,0.977979585
955,0.423158071,"cul_prad_lingue_87,dis_hid_lingue,dis_plant87_lingue,predios_lingue1",1115.936115,1135.988787,-20.05267285,1122.878679,1105.936115,16.94256479,0.015088509,0.561335331,0.579572128,0.571370268,0.883999066
956,0.429468065,"bn_lingue_87,mat_lingue_87,dis_caminos_lingue,dis_hid_lingue,dis_plant87_lingue",1116.098141,1135.988787,-19.89064646,1133.988787,1104.098141,29.89064646,0.026358855,0.575864454,0.612675677,0.605275,0.977441103
957,0.432305362,"bn_lingue_87,cul_prad_lingue_87,dis_caminos_lingue,dis_plant87_lingue,predios_lingue1",1116.562394,1135.988787,-19.42639346,1122.878679,1104.562394,18.31628541,0.016311901,0.570868879,0.582315679,0.594250587,0.999367857
958,0.410427597,"bn_lingue_87,cul_prad_lingue_87,dis_plant87_lingue,predios_lingue1",1116.705999,1135.988787,-19.28278812,1122.878679,1106.705999,16.17268007,0.014402874,0.553659063,0.575920157,0.592758392,0.999705575
959,0.437474873,"mat_lingue_87,cul_prad_lingue_87,dis_caminos_lingue",1116.81266,1135.988787,-19.17612784,1133.988787,1108.81266,25.17612784,0.02220139,0.569154283,0.593076918,0.5865625,0.79434994
960,0.426748993,"bn_lingue_87,cul_prad_lingue_87,dis_hid_lingue",1116.848695,1135.988787,-19.14009242,1133.988787,1108.848695,25.14009242,0.022169613,0.578895586,0.60244439,0.617275,0.962130007
961,0.456146636,"mat_lingue_87,cul_prad_lingue_87",1116.95856,1135.988787,-19.03022754,1133.988787,1110.95856,23.03022754,0.020309043,0.556346309,0.587562246,0.5771875,0.744770548
962,0.430887459,"bn_lingue_87,dis_caminos_lingue,dis_hid_lingue,dis_plant87_lingue",1117.099872,1135.988787,-18.8889157,1133.988787,1107.099872,26.8889157,0.0237118,0.576404472,0.602214238,0.6046,0.994630202
963,0.425974626,"cul_prad_lingue_87,dis_caminos_lingue,dis_hid_lingue,dis_plant87_lingue,predios_lingue1",1117.169602,1135.988787,-18.81918582,1122.878679,1105.169602,17.70907777,0.015771141,0.562814304,0.577810158,0.563666973,0.888061599
964,0.413193939,"mat_lingue_87,cul_prad_lingue_87,dis_plant87_lingue",1117.790376,1135.988787,-18.19841152,1133.988787,1109.790376,24.19841152,0.021339198,0.55656474,0.598379374,0.57885,0.904086246
965,0.433410599,"bn_lingue_87,cul_prad_lingue_87,dis_caminos_lingue,dis_hid_lingue",1117.818697,1135.988787,-18.1700903,1133.988787,1107.818697,26.1700903,0.023077909,0.580887268,0.601206951,0.60745,0.968386972
966,0.425854909,"bn_lingue_87,cul_prad_lingue_87,dis_hid_lingue,dis_plant87_lingue",1117.846282,1135.988787,-18.14250505,1133.988787,1107.846282,26.14250505,0.023053583,0.573812263,0.602740299,0.6091375,0.990775077
967,0.386324612,"mat_lingue_87,predios_lingue1",1117.890624,1135.988787,-18.09816352,1122.878679,1111.890624,10.98805547,0.009785612,0.514831263,0.545292981,0.525418325,0.737818439
968,0.429403614,"mat_lingue_87,cul_prad_lingue_87,dis_caminos_lingue,dis_plant87_lingue",1117.931344,1135.988787,-18.05744343,1133.988787,1107.931344,26.05744343,0.022978572,0.565189826,0.597034331,0.58395,0.84415848
969,0.437474873,"bn_lingue_87,mat_lingue_87,cul_prad_lingue_87,dis_caminos_lingue",1118.079053,1135.988787,-17.90973456,1133.988787,1108.079053,25.90973456,0.022848316,0.564623767,0.595665377,0.5807,0.674175495
970,0.456146636,"bn_lingue_87,mat_lingue_87,cul_prad_lingue_87",1118.094257,1135.988787,-17.89453068,1133.988787,1110.094257,23.89453068,0.021071223,0.555609117,0.591157992,0.5716,0.629111064
971,0.404495743,"dis_hid_lingue,predios_lingue1",1118.415281,1135.988787,-17.57350643,1122.878679,1112.415281,10.46339837,0.009318369,0.548478427,0.56939965,0.448398123,0.893856861
972,0.420649644,"mat_lingue_87,dis_caminos_lingue,predios_lingue1",1118.548147,1135.988787,-17.44064058,1122.878679,1110.548147,12.33053253,0.01098118,0.533597353,0.55233781,0.531910009,0.853261199
973,0.416810668,"mat_lingue_87,dis_hid_lingue",1118.816696,1135.988787,-17.17209169,1133.988787,1112.816696,21.17209169,0.018670459,0.557663827,0.603511457,0.5813125,0.855474534
974,0.431693035,"bn_lingue_87,cul_prad_lingue_87,dis_caminos_lingue,dis_hid_lingue,dis_plant87_lingue",1118.998013,1135.988787,-16.99077463,1133.988787,1106.998013,26.99077463,0.023801624,0.576742439,0.601377323,0.60325,0.989887785
975,0.413517386,"bn_lingue_87,mat_lingue_87,cul_prad_lingue_87,dis_plant87_lingue",1119.037832,1135.988787,-16.95095555,1133.988787,1109.037832,24.95095555,0.022002824,0.55194622,0.597518547,0.568525,0.679506361
976,0.429768913,"bn_lingue_87,mat_lingue_87,cul_prad_lingue_87,dis_caminos_lingue,dis_plant87_lingue",1119.278114,1135.988787,-16.71067295,1133.988787,1107.278114,26.71067295,0.023554618,0.560185417,0.59803863,0.5760125,0.702101577
977,0.403004009,"mat_lingue_87,dis_plant87_lingue,predios_lingue1",1119.338505,1135.988787,-16.65028201,1122.878679,1111.338505,11.54017395,0.010277311,0.520062496,0.561248255,0.52983114,0.924844502
978,0.410373218,"dis_caminos_lingue,dis_hid_lingue,predios_lingue1",1119.898437,1135.988787,-16.09035084,1122.878679,1111.898437,10.98024279,0.009778655,0.549093267,0.56464721,0.539868381,0.905652182
979,0.418839732,"mat_lingue_87,dis_caminos_lingue,dis_plant87_lingue,predios_lingue1",1120.159028,1135.988787,-15.82975927,1122.878679,1110.159028,12.71965121,0.011327716,0.535927203,0.56294316,0.53412917,0.918583643
980,0.402056749,"dis_hid_lingue,dis_plant87_lingue,predios_lingue1",1120.178004,1135.988787,-15.8107832,1122.878679,1112.178004,10.70067515,0.009529681,0.543427951,0.570987861,0.453856749,0.925687584
981,0.413420756,"mat_lingue_87,dis_hid_lingue,dis_plant87_lingue",1120.292962,1135.988787,-15.69582521,1133.988787,1112.292962,21.69582521,0.01913231,0.556246501,0.607666143,0.5820875,0.896565585
982,0.41502315,"mat_lingue_87,dis_caminos_lingue,dis_hid_lingue",1120.486441,1135.988787,-15.50234596,1133.988787,1112.486441,21.50234596,0.018961692,0.559562518,0.602342765,0.575775,0.864431167
983,0.409290678,"dis_caminos_lingue,dis_hid_lingue,dis_plant87_lingue,predios_lingue1",1121.72759,1135.988787,-14.26119777,1122.878679,1111.72759,11.15108972,0.009930805,0.545388182,0.566470147,0.53775125,0.929156868
984,0.411474179,"mat_lingue_87,dis_caminos_lingue,dis_hid_lingue,dis_plant87_lingue",1122.04393,1135.988787,-13.94485747,1133.988787,1112.04393,21.94485747,0.019351918,0.558091911,0.606070026,0.577325,0.898895827
985,0.439781525,"bn_lingue_87,mat_lingue_87,dis_caminos_lingue",1122.790933,1135.988787,-13.19785418,1133.988787,1114.790933,19.19785418,0.016929492,0.564830894,0.583476306,0.59,0.974261726
986,0.458383935,"bn_lingue_87,mat_lingue_87",1122.811496,1135.988787,-13.17729127,1133.988787,1116.811496,17.17729127,0.015147673,0.553422318,0.576996192,0.580275,0.899547908
987,0.426958774,"cul_prad_lingue_87,dis_hid_lingue",1123.194641,1135.988787,-12.79414646,1133.988787,1117.194641,16.79414646,0.014809799,0.562858123,0.580107723,0.57955,0.838334735
988,0.434526198,"bn_lingue_87,dis_caminos_lingue",1123.209923,1135.988787,-12.77886396,1133.988787,1117.209923,16.77886396,0.014796323,0.571548017,0.572082305,0.59855,0.982895449
989,0.418983678,"cul_prad_lingue_87,dis_caminos_lingue,predios_lingue1",1123.410443,1135.988787,-12.57834404,1122.878679,1115.410443,7.468235981,0.006650973,0.554739521,0.54141238,0.55657586,0.867516794
990,0.489766828,bn_lingue_87,1123.568129,1135.988787,-12.42065886,1133.988787,1119.568129,14.42065886,0.012716756,0.554122116,0.56601467,0.585,0.825689699
991,0.423733279,"cul_prad_lingue_87,predios_lingue1",1123.575998,1135.988787,-12.41278933,1122.878679,1117.575998,5.302681275,0.004722399,0.558792774,0.544841819,0.573092031,0.871862761
992,0.418327691,"bn_lingue_87,mat_lingue_87,dis_plant87_lingue",1123.724831,1135.988787,-12.26395646,1133.988787,1115.724831,18.26395646,0.016105941,0.554549191,0.585341431,0.5821125,0.999761626
993,0.437648702,"bn_lingue_87,mat_lingue_87,dis_caminos_lingue,dis_plant87_lingue",1123.966858,1135.988787,-12.02192945,1133.988787,1113.966858,20.02192945,0.017656197,0.562792032,0.587388885,0.586775,0.997877507
994,0.428218751,"cul_prad_lingue_87,dis_caminos_lingue,dis_hid_lingue",1124.335333,1135.988787,-11.65345423,1133.988787,1116.335333,17.65345423,0.015567574,0.562376202,0.577259223,0.5702625,0.850670511
995,0.427712779,"bn_lingue_87,dis_caminos_lingue,dis_plant87_lingue",1124.436302,1135.988787,-11.55248571,1133.988787,1116.436302,17.55248571,0.015478536,0.56690725,0.578173851,0.5924875,0.999882345
996,0.407826257,"bn_lingue_87,dis_plant87_lingue",1124.519966,1135.988787,-11.46882139,1133.988787,1118.519966,15.46882139,0.013641071,0.552427797,0.575684029,0.5894625,0.999397622
997,0.426132854,"cul_prad_lingue_87,dis_hid_lingue,dis_plant87_lingue",1124.730813,1135.988787,-11.25797421,1133.988787,1116.730813,17.25797421,0.015218823,0.557749262,0.579653398,0.5695375,0.876270352
998,0.433531588,"bn_lingue_87,cul_prad_lingue_87,dis_caminos_lingue",1125.132769,1135.988787,-10.85601848,1133.988787,1117.132769,16.85601848,0.014864361,0.571580378,0.571098929,0.5972375,0.970900194
999,0.425141302,"cul_prad_lingue_87,dis_plant87_lingue,predios_lingue1",1125.157706,1135.988787,-10.83108139,1122.878679,1117.157706,5.720973335,0.005094917,0.536571573,0.53648923,0.556614121,0.974760064
1000,0.420030279,"cul_prad_lingue_87,dis_caminos_lingue,dis_plant87_lingue,predios_lingue1",1125.157894,1135.988787,-10.83089361,1122.878679,1115.157894,7.720785557,0.006875886,0.546402533,0.539799782,0.549255178,0.906979723
1001,0.423004761,"bn_lingue_87,cul_prad_lingue_87",1125.532248,1135.988787,-10.45653967,1133.988787,1119.532248,14.45653967,0.012748397,0.56049727,0.567329822,0.5928125,0.932831314
1002,0.427198598,"cul_prad_lingue_87,dis_caminos_lingue,dis_hid_lingue,dis_plant87_lingue",1125.988079,1135.988787,-10.000708,1133.988787,1115.988079,18.000708,0.015873797,0.558800953,0.577925766,0.56225,0.880181085
1003,0.42854053,"bn_lingue_87,cul_prad_lingue_87,dis_caminos_lingue,dis_plant87_lingue",1126.367686,1135.988787,-9.621101735,1133.988787,1116.367686,17.62110174,0.015539044,0.568007628,0.577244278,0.592325,0.99883851
1004,0.40992997,"bn_lingue_87,cul_prad_lingue_87,dis_plant87_lingue",1126.488658,1135.988787,-9.500129306,1133.988787,1118.488658,15.50012931,0.01366868,0.555657721,0.576383451,0.5927375,0.999611019
1005,0.373682052,predios_lingue1,1126.834688,1135.988787,-9.154099439,1122.878679,1122.834688,0.043991384,3.92E-05,0.515956061,0.49284238,0.504285277,0.809501382
1006,0.405168058,"dis_caminos_lingue,predios_lingue1",1127.258329,1135.988787,-8.730457982,1122.878679,1121.258329,1.620349926,0.001443032,0.512553172,0.497061352,0.498290991,0.89800223
1007,0.403194443,dis_hid_lingue,1127.592697,1135.988787,-8.396090125,1133.988787,1123.592697,10.39609012,0.009167719,0.547174291,0.567565952,0.4463,0.891042363
1008,0.428304545,mat_lingue_87,1128.06796,1135.988787,-7.920827424,1133.988787,1124.06796,9.920827424,0.008748612,0.518598931,0.542787286,0.52,0.711858419
1009,0.381929349,"dis_plant87_lingue,predios_lingue1",1128.556144,1135.988787,-7.432643417,1122.878679,1122.556144,0.322535361,0.00028724,0.515380765,0.49166875,0.510930007,0.990315548
1010,0.410398315,"mat_lingue_87,dis_caminos_lingue",1128.766356,1135.988787,-7.222431101,1133.988787,1122.766356,11.2224311,0.009896422,0.541724482,0.554829897,0.5378125,0.884402097
1011,0.403235849,"dis_caminos_lingue,dis_plant87_lingue,predios_lingue1",1129.098791,1135.988787,-6.889996231,1122.878679,1121.098791,1.779888175,0.001585112,0.511439166,0.492491815,0.494311805,0.944978246
1012,0.408280694,"dis_caminos_lingue,dis_hid_lingue",1129.10987,1135.988787,-6.878917514,1133.988787,1123.10987,10.87891751,0.009593497,0.547981874,0.563503925,0.5435125,0.903355306
1013,0.400698075,"dis_hid_lingue,dis_plant87_lingue",1129.32775,1135.988787,-6.661037604,1133.988787,1123.32775,10.6610376,0.009401361,0.542516064,0.569559603,0.453075,0.925565269
1014,0.408259842,"mat_lingue_87,dis_plant87_lingue",1129.522018,1135.988787,-6.466769834,1133.988787,1123.522018,10.46676983,0.009230047,0.522255662,0.556333355,0.533975,0.98758122
1015,0.407934628,"mat_lingue_87,dis_caminos_lingue,dis_plant87_lingue",1130.381521,1135.988787,-5.607266,1133.988787,1122.381521,11.607266,0.010235786,0.540181458,0.562580329,0.5386,0.950364461
1016,0.406968212,"dis_caminos_lingue,dis_hid_lingue,dis_plant87_lingue",1130.914187,1135.988787,-5.074600686,1133.988787,1122.914187,11.07460069,0.009766058,0.544474952,0.565186722,0.54035,0.929492436
1017,0.418479995,"cul_prad_lingue_87,dis_caminos_lingue",1131.901159,1135.988787,-4.08762825,1133.988787,1125.901159,8.08762825,0.007132018,0.544780991,0.536334073,0.5569125,0.854999648
1018,0.418835499,cul_prad_lingue_87,1132.050784,1135.988787,-3.938002948,1133.988787,1128.050784,5.938002948,0.005236386,0.540461349,0.539119804,0.5625,0.807330131
1019,0.420293231,"cul_prad_lingue_87,dis_plant87_lingue",1133.562348,1135.988787,-2.426439299,1133.988787,1127.562348,6.426439299,0.00566711,0.533976453,0.540850425,0.5493125,0.997634668
1020,0.419263186,"cul_prad_lingue_87,dis_caminos_lingue,dis_plant87_lingue",1133.592283,1135.988787,-2.39650419,1133.988787,1125.592283,8.39650419,0.007404398,0.541777887,0.539654832,0.549975,0.903983856
1021,0.474541322,,1135.988787,1135.988787,0,1133.988787,1133.988787,0,0,0.5,0.5,0.5,0.5
1022,0.397836567,dis_caminos_lingue,1136.462542,1135.988787,0.473754794,1133.988787,1132.462542,1.526245206,0.001345909,0.522918329,0.496105356,0.510625,0.913043158
1023,0.384367267,dis_plant87_lingue,1137.702413,1135.988787,1.7136256,1133.988787,1133.702413,0.2863744,0.000252537,0.489908926,0.504154686,0.494775,0.999253285
1024,0.397048109,"dis_caminos_lingue,dis_plant87_lingue",1138.296302,1135.988787,2.307514545,1133.988787,1132.296302,1.692485455,0.001492506,0.51779093,0.510658712,0.50195,0.961411325
